This is pdfTeX, Version 3.141592653-2.6-1.40.25 (TeX Live 2023/Debian) (preloaded format=pdflatex 2026.7.31)  31 JUL 2026 15:42
entering extended mode
 restricted \write18 enabled.
 %&-line parsing enabled.
**main.tex
(./main.tex
LaTeX2e <2023-11-01> patch level 1
L3 programming layer <2024-01-22>
(/usr/share/texlive/texmf-dist/tex/latex/base/article.cls
Document Class: article 2023/05/17 v1.4n Standard LaTeX document class
(/usr/share/texlive/texmf-dist/tex/latex/base/size10.clo
File: size10.clo 2023/05/17 v1.4n Standard LaTeX file (size option)
)
\c@part=\count187
\c@section=\count188
\c@subsection=\count189
\c@subsubsection=\count190
\c@paragraph=\count191
\c@subparagraph=\count192
\c@figure=\count193
\c@table=\count194
\abovecaptionskip=\skip48
\belowcaptionskip=\skip49
\bibindent=\dimen140
)
(/usr/share/texlive/texmf-dist/tex/latex/vntex/vntex.sty
Package: vntex 2009/07/12 v1.1 support for Vietnamese

(/usr/share/texlive/texmf-dist/tex/latex/base/ifthen.sty
Package: ifthen 2022/04/13 v1.1d Standard LaTeX ifthen package (DPC)
)
(/usr/share/texlive/texmf-dist/tex/latex/base/fontenc.sty
Package: fontenc 2021/04/29 v2.0v Standard LaTeX package

(/usr/share/texlive/texmf-dist/tex/latex/vntex/t5enc.def
File: t5enc.def 2006/11/21 v1.4 Vietnamese T5 encoding
Now handling font encoding T5 ...
... processing UTF-8 mapping file for font encoding T5

(/usr/share/texlive/texmf-dist/tex/latex/vntex/t5enc.dfu
File: t5enc.dfu 2006/08/19 v1.1 UTF8 support for Vietnamese
   defining Unicode char U+00AB (decimal 171)
   defining Unicode char U+00BB (decimal 187)
   defining Unicode char U+00C0 (decimal 192)
   defining Unicode char U+00C1 (decimal 193)
   defining Unicode char U+00C2 (decimal 194)
   defining Unicode char U+00C3 (decimal 195)
   defining Unicode char U+00C8 (decimal 200)
   defining Unicode char U+00C9 (decimal 201)
   defining Unicode char U+00CA (decimal 202)
   defining Unicode char U+00CC (decimal 204)
   defining Unicode char U+00CD (decimal 205)
   defining Unicode char U+00D2 (decimal 210)
   defining Unicode char U+00D3 (decimal 211)
   defining Unicode char U+00D4 (decimal 212)
   defining Unicode char U+00D5 (decimal 213)
   defining Unicode char U+00D9 (decimal 217)
   defining Unicode char U+00DA (decimal 218)
   defining Unicode char U+00DD (decimal 221)
   defining Unicode char U+00E0 (decimal 224)
   defining Unicode char U+00E1 (decimal 225)
   defining Unicode char U+00E2 (decimal 226)
   defining Unicode char U+00E3 (decimal 227)
   defining Unicode char U+00E8 (decimal 232)
   defining Unicode char U+00E9 (decimal 233)
   defining Unicode char U+00EA (decimal 234)
   defining Unicode char U+00EC (decimal 236)
   defining Unicode char U+00ED (decimal 237)
   defining Unicode char U+00F2 (decimal 242)
   defining Unicode char U+00F3 (decimal 243)
   defining Unicode char U+00F4 (decimal 244)
   defining Unicode char U+00F5 (decimal 245)
   defining Unicode char U+00F9 (decimal 249)
   defining Unicode char U+00FA (decimal 250)
   defining Unicode char U+00FD (decimal 253)
   defining Unicode char U+0102 (decimal 258)
   defining Unicode char U+0103 (decimal 259)
   defining Unicode char U+0110 (decimal 272)
   defining Unicode char U+0111 (decimal 273)
   defining Unicode char U+0128 (decimal 296)
   defining Unicode char U+0129 (decimal 297)
   defining Unicode char U+0131 (decimal 305)
   defining Unicode char U+0168 (decimal 360)
   defining Unicode char U+0169 (decimal 361)
   defining Unicode char U+01A0 (decimal 416)
   defining Unicode char U+01A1 (decimal 417)
   defining Unicode char U+01AF (decimal 431)
   defining Unicode char U+01B0 (decimal 432)
   defining Unicode char U+1EA0 (decimal 7840)
   defining Unicode char U+1EA1 (decimal 7841)
   defining Unicode char U+1EA2 (decimal 7842)
   defining Unicode char U+1EA3 (decimal 7843)
   defining Unicode char U+1EA4 (decimal 7844)
   defining Unicode char U+1EA5 (decimal 7845)
   defining Unicode char U+1EA6 (decimal 7846)
   defining Unicode char U+1EA7 (decimal 7847)
   defining Unicode char U+1EA8 (decimal 7848)
   defining Unicode char U+1EA9 (decimal 7849)
   defining Unicode char U+1EAA (decimal 7850)
   defining Unicode char U+1EAB (decimal 7851)
   defining Unicode char U+1EAC (decimal 7852)
   defining Unicode char U+1EAD (decimal 7853)
   defining Unicode char U+1EAE (decimal 7854)
   defining Unicode char U+1EAF (decimal 7855)
   defining Unicode char U+1EB0 (decimal 7856)
   defining Unicode char U+1EB1 (decimal 7857)
   defining Unicode char U+1EB2 (decimal 7858)
   defining Unicode char U+1EB3 (decimal 7859)
   defining Unicode char U+1EB4 (decimal 7860)
   defining Unicode char U+1EB5 (decimal 7861)
   defining Unicode char U+1EB6 (decimal 7862)
   defining Unicode char U+1EB7 (decimal 7863)
   defining Unicode char U+1EB8 (decimal 7864)
   defining Unicode char U+1EB9 (decimal 7865)
   defining Unicode char U+1EBA (decimal 7866)
   defining Unicode char U+1EBB (decimal 7867)
   defining Unicode char U+1EBC (decimal 7868)
   defining Unicode char U+1EBD (decimal 7869)
   defining Unicode char U+1EBE (decimal 7870)
   defining Unicode char U+1EBF (decimal 7871)
   defining Unicode char U+1EC0 (decimal 7872)
   defining Unicode char U+1EC1 (decimal 7873)
   defining Unicode char U+1EC2 (decimal 7874)
   defining Unicode char U+1EC3 (decimal 7875)
   defining Unicode char U+1EC4 (decimal 7876)
   defining Unicode char U+1EC5 (decimal 7877)
   defining Unicode char U+1EC6 (decimal 7878)
   defining Unicode char U+1EC7 (decimal 7879)
   defining Unicode char U+1EC8 (decimal 7880)
   defining Unicode char U+1EC9 (decimal 7881)
   defining Unicode char U+1ECA (decimal 7882)
   defining Unicode char U+1ECB (decimal 7883)
   defining Unicode char U+1ECC (decimal 7884)
   defining Unicode char U+1ECD (decimal 7885)
   defining Unicode char U+1ECE (decimal 7886)
   defining Unicode char U+1ECF (decimal 7887)
   defining Unicode char U+1ED0 (decimal 7888)
   defining Unicode char U+1ED1 (decimal 7889)
   defining Unicode char U+1ED2 (decimal 7890)
   defining Unicode char U+1ED3 (decimal 7891)
   defining Unicode char U+1ED4 (decimal 7892)
   defining Unicode char U+1ED5 (decimal 7893)
   defining Unicode char U+1ED6 (decimal 7894)
   defining Unicode char U+1ED7 (decimal 7895)
   defining Unicode char U+1ED8 (decimal 7896)
   defining Unicode char U+1ED9 (decimal 7897)
   defining Unicode char U+1EDA (decimal 7898)
   defining Unicode char U+1EDB (decimal 7899)
   defining Unicode char U+1EDC (decimal 7900)
   defining Unicode char U+1EDD (decimal 7901)
   defining Unicode char U+1EDE (decimal 7902)
   defining Unicode char U+1EDF (decimal 7903)
   defining Unicode char U+1EE0 (decimal 7904)
   defining Unicode char U+1EE1 (decimal 7905)
   defining Unicode char U+1EE2 (decimal 7906)
   defining Unicode char U+1EE3 (decimal 7907)
   defining Unicode char U+1EE4 (decimal 7908)
   defining Unicode char U+1EE5 (decimal 7909)
   defining Unicode char U+1EE6 (decimal 7910)
   defining Unicode char U+1EE7 (decimal 7911)
   defining Unicode char U+1EE8 (decimal 7912)
   defining Unicode char U+1EE9 (decimal 7913)
   defining Unicode char U+1EEA (decimal 7914)
   defining Unicode char U+1EEB (decimal 7915)
   defining Unicode char U+1EEC (decimal 7916)
   defining Unicode char U+1EED (decimal 7917)
   defining Unicode char U+1EEE (decimal 7918)
   defining Unicode char U+1EEF (decimal 7919)
   defining Unicode char U+1EF0 (decimal 7920)
   defining Unicode char U+1EF1 (decimal 7921)
   defining Unicode char U+1EF2 (decimal 7922)
   defining Unicode char U+1EF3 (decimal 7923)
   defining Unicode char U+1EF4 (decimal 7924)
   defining Unicode char U+1EF5 (decimal 7925)
   defining Unicode char U+1EF6 (decimal 7926)
   defining Unicode char U+1EF7 (decimal 7927)
   defining Unicode char U+1EF8 (decimal 7928)
   defining Unicode char U+1EF9 (decimal 7929)
   defining Unicode char U+200C (decimal 8204)
   defining Unicode char U+2013 (decimal 8211)
   defining Unicode char U+2014 (decimal 8212)
   defining Unicode char U+2018 (decimal 8216)
   defining Unicode char U+2019 (decimal 8217)
   defining Unicode char U+201A (decimal 8218)
   defining Unicode char U+201C (decimal 8220)
   defining Unicode char U+201D (decimal 8221)
   defining Unicode char U+201E (decimal 8222)
   defining Unicode char U+2030 (decimal 8240)
   defining Unicode char U+2031 (decimal 8241)
   defining Unicode char U+2039 (decimal 8249)
   defining Unicode char U+203A (decimal 8250)
   defining Unicode char U+2423 (decimal 9251)
))
LaTeX Font Info:    Trying to load font information for T5+cmr on input line 11
2.

(/usr/share/texlive/texmf-dist/tex/latex/vntex/t5cmr.fd
File: t5cmr.fd 1999/05/25 v2.5h Standard LaTeX font definitions
))

Package vntex Warning: No input encoding specified, using UTF-8 as default on i
nput line 88.

(/usr/share/texlive/texmf-dist/tex/latex/base/inputenc.sty
Package: inputenc 2021/02/14 v1.3d Input encoding file
\inpenc@prehook=\toks17
\inpenc@posthook=\toks18
)
(/usr/share/texlive/texmf-dist/tex/latex/vntex/vncaps.tex
File: vncaps.tex 2006/06/07 v1.1 Captions in Vietnamese
))
(/usr/share/texlive/texmf-dist/tex/latex/psnfss/mathptmx.sty
Package: mathptmx 2020/03/25 PSNFSS-v9.3 Times w/ Math, improved (SPQR, WaS) 
LaTeX Font Info:    Redeclaring symbol font `operators' on input line 28.
LaTeX Font Info:    Overwriting symbol font `operators' in version `normal'
(Font)                  OT1/cmr/m/n --> OT1/ztmcm/m/n on input line 28.
LaTeX Font Info:    Overwriting symbol font `operators' in version `bold'
(Font)                  OT1/cmr/bx/n --> OT1/ztmcm/m/n on input line 28.
LaTeX Font Info:    Redeclaring symbol font `letters' on input line 29.
LaTeX Font Info:    Overwriting symbol font `letters' in version `normal'
(Font)                  OML/cmm/m/it --> OML/ztmcm/m/it on input line 29.
LaTeX Font Info:    Overwriting symbol font `letters' in version `bold'
(Font)                  OML/cmm/b/it --> OML/ztmcm/m/it on input line 29.
LaTeX Font Info:    Redeclaring symbol font `symbols' on input line 30.
LaTeX Font Info:    Overwriting symbol font `symbols' in version `normal'
(Font)                  OMS/cmsy/m/n --> OMS/ztmcm/m/n on input line 30.
LaTeX Font Info:    Overwriting symbol font `symbols' in version `bold'
(Font)                  OMS/cmsy/b/n --> OMS/ztmcm/m/n on input line 30.
LaTeX Font Info:    Redeclaring symbol font `largesymbols' on input line 31.
LaTeX Font Info:    Overwriting symbol font `largesymbols' in version `normal'
(Font)                  OMX/cmex/m/n --> OMX/ztmcm/m/n on input line 31.
LaTeX Font Info:    Overwriting symbol font `largesymbols' in version `bold'
(Font)                  OMX/cmex/m/n --> OMX/ztmcm/m/n on input line 31.
\symbold=\mathgroup4
\symitalic=\mathgroup5
LaTeX Font Info:    Redeclaring math alphabet \mathbf on input line 34.
LaTeX Font Info:    Overwriting math alphabet `\mathbf' in version `normal'
(Font)                  OT1/cmr/bx/n --> OT1/ptm/bx/n on input line 34.
LaTeX Font Info:    Overwriting math alphabet `\mathbf' in version `bold'
(Font)                  OT1/cmr/bx/n --> OT1/ptm/bx/n on input line 34.
LaTeX Font Info:    Redeclaring math alphabet \mathit on input line 35.
LaTeX Font Info:    Overwriting math alphabet `\mathit' in version `normal'
(Font)                  OT1/cmr/m/it --> OT1/ptm/m/it on input line 35.
LaTeX Font Info:    Overwriting math alphabet `\mathit' in version `bold'
(Font)                  OT1/cmr/bx/it --> OT1/ptm/m/it on input line 35.
LaTeX Info: Redefining \hbar on input line 50.
)
(/usr/share/texlive/texmf-dist/tex/latex/a4wide/a4wide.sty
Package: a4wide 1994/08/30

(/usr/share/texlive/texmf-dist/tex/latex/ntgclass/a4.sty
Package: a4 2023/01/10 v1.2g A4 based page layout
))
(/usr/share/texlive/texmf-dist/tex/latex/amsfonts/amssymb.sty
Package: amssymb 2013/01/14 v3.01 AMS font symbols

(/usr/share/texlive/texmf-dist/tex/latex/amsfonts/amsfonts.sty
Package: amsfonts 2013/01/14 v3.01 Basic AMSFonts support
\@emptytoks=\toks19
\symAMSa=\mathgroup6
\symAMSb=\mathgroup7
LaTeX Font Info:    Overwriting math alphabet `\mathfrak' in version `bold'
(Font)                  U/euf/m/n --> U/euf/b/n on input line 106.
))
(/usr/share/texlive/texmf-dist/tex/latex/graphics/epsfig.sty
Package: epsfig 2017/06/25 v1.7b (e)psfig emulation (SPQR)

(/usr/share/texlive/texmf-dist/tex/latex/graphics/graphicx.sty
Package: graphicx 2021/09/16 v1.2d Enhanced LaTeX Graphics (DPC,SPQR)

(/usr/share/texlive/texmf-dist/tex/latex/graphics/keyval.sty
Package: keyval 2022/05/29 v1.15 key=value parser (DPC)
\KV@toks@=\toks20
)
(/usr/share/texlive/texmf-dist/tex/latex/graphics/graphics.sty
Package: graphics 2022/03/10 v1.4e Standard LaTeX Graphics (DPC,SPQR)

(/usr/share/texlive/texmf-dist/tex/latex/graphics/trig.sty
Package: trig 2021/08/11 v1.11 sin cos tan (DPC)
)
(/usr/share/texlive/texmf-dist/tex/latex/graphics-cfg/graphics.cfg
File: graphics.cfg 2016/06/04 v1.11 sample graphics configuration
)
Package graphics Info: Driver file: pdftex.def on input line 107.

(/usr/share/texlive/texmf-dist/tex/latex/graphics-def/pdftex.def
File: pdftex.def 2022/09/22 v1.2b Graphics/color driver for pdftex
))
\Gin@req@height=\dimen141
\Gin@req@width=\dimen142
)
\epsfxsize=\dimen143
\epsfysize=\dimen144
)
(/usr/share/texlive/texmf-dist/tex/latex/base/latexsym.sty
Package: latexsym 1998/08/17 v2.2e Standard LaTeX package (lasy symbols)
\symlasy=\mathgroup8
LaTeX Font Info:    Overwriting symbol font `lasy' in version `bold'
(Font)                  U/lasy/m/n --> U/lasy/b/n on input line 52.
)
(/usr/share/texlive/texmf-dist/tex/latex/tools/array.sty
Package: array 2023/10/16 v2.5g Tabular extension package (FMi)
\col@sep=\dimen145
\ar@mcellbox=\box51
\extrarowheight=\dimen146
\NC@list=\toks21
\extratabsurround=\skip50
\backup@length=\skip51
\ar@cellbox=\box52
)
(/usr/share/texlive/texmf-dist/tex/latex/tools/hhline.sty
Package: hhline 2020/01/04 v2.04 Table rule package (DPC)
)
(/usr/share/texlive/texmf-dist/tex/latex/fancyhdr/fancyhdr.sty
Package: fancyhdr 2022/11/09 v4.1 Extensive control of page headers and footers

\f@nch@headwidth=\skip52
\f@nch@O@elh=\skip53
\f@nch@O@erh=\skip54
\f@nch@O@olh=\skip55
\f@nch@O@orh=\skip56
\f@nch@O@elf=\skip57
\f@nch@O@erf=\skip58
\f@nch@O@olf=\skip59
\f@nch@O@orf=\skip60
)
(/usr/share/texlive/texmf-dist/tex/generic/ulem/ulem.sty
\UL@box=\box53
\UL@hyphenbox=\box54
\UL@skip=\skip61
\UL@hook=\toks22
\UL@height=\dimen147
\UL@pe=\count195
\UL@pixel=\dimen148
\ULC@box=\box55
Package: ulem 2019/11/18
\ULdepth=\dimen149
)
(/usr/share/texlive/texmf-dist/tex/latex/cancel/cancel.sty
Package: cancel 2013/04/12 v2.2 Cancel math terms
)
(/usr/share/texlive/texmf-dist/tex/latex/amsmath/amsmath.sty
Package: amsmath 2023/05/13 v2.17o AMS math features
\@mathmargin=\skip62

For additional information on amsmath, use the `?' option.
(/usr/share/texlive/texmf-dist/tex/latex/amsmath/amstext.sty
Package: amstext 2021/08/26 v2.01 AMS text

(/usr/share/texlive/texmf-dist/tex/latex/amsmath/amsgen.sty
File: amsgen.sty 1999/11/30 v2.0 generic functions
\@emptytoks=\toks23
\ex@=\dimen150
))
(/usr/share/texlive/texmf-dist/tex/latex/amsmath/amsbsy.sty
Package: amsbsy 1999/11/29 v1.2d Bold Symbols
\pmbraise@=\dimen151
)
(/usr/share/texlive/texmf-dist/tex/latex/amsmath/amsopn.sty
Package: amsopn 2022/04/08 v2.04 operator names
)
\inf@bad=\count196
LaTeX Info: Redefining \frac on input line 234.
\uproot@=\count197
\leftroot@=\count198
LaTeX Info: Redefining \overline on input line 399.
LaTeX Info: Redefining \colon on input line 410.
\classnum@=\count199
\DOTSCASE@=\count266
LaTeX Info: Redefining \ldots on input line 496.
LaTeX Info: Redefining \dots on input line 499.
LaTeX Info: Redefining \cdots on input line 620.
\Mathstrutbox@=\box56
\strutbox@=\box57
LaTeX Info: Redefining \big on input line 722.
LaTeX Info: Redefining \Big on input line 723.
LaTeX Info: Redefining \bigg on input line 724.
LaTeX Info: Redefining \Bigg on input line 725.
\big@size=\dimen152
LaTeX Font Info:    Redeclaring font encoding OML on input line 743.
LaTeX Font Info:    Redeclaring font encoding OMS on input line 744.
\macc@depth=\count267
LaTeX Info: Redefining \bmod on input line 905.
LaTeX Info: Redefining \pmod on input line 910.
LaTeX Info: Redefining \smash on input line 940.
LaTeX Info: Redefining \relbar on input line 970.
LaTeX Info: Redefining \Relbar on input line 971.
\c@MaxMatrixCols=\count268
\dotsspace@=\muskip16
\c@parentequation=\count269
\dspbrk@lvl=\count270
\tag@help=\toks24
\row@=\count271
\column@=\count272
\maxfields@=\count273
\andhelp@=\toks25
\eqnshift@=\dimen153
\alignsep@=\dimen154
\tagshift@=\dimen155
\tagwidth@=\dimen156
\totwidth@=\dimen157
\lineht@=\dimen158
\@envbody=\toks26
\multlinegap=\skip63
\multlinetaggap=\skip64
\mathdisplay@stack=\toks27
LaTeX Info: Redefining \[ on input line 2953.
LaTeX Info: Redefining \] on input line 2954.
)
(/usr/share/texlive/texmf-dist/tex/latex/amscls/amsthm.sty
Package: amsthm 2020/05/29 v2.20.6
\thm@style=\toks28
\thm@bodyfont=\toks29
\thm@headfont=\toks30
\thm@notefont=\toks31
\thm@headpunct=\toks32
\thm@preskip=\skip65
\thm@postskip=\skip66
\thm@headsep=\skip67
\dth@everypar=\toks33
)
(/usr/share/texlive/texmf-dist/tex/latex/tools/multicol.sty
Package: multicol 2023/03/30 v1.9f multicolumn formatting (FMi)
\c@tracingmulticols=\count274
\mult@box=\box58
\multicol@leftmargin=\dimen159
\c@unbalance=\count275
\c@collectmore=\count276
\doublecol@number=\count277
\multicoltolerance=\count278
\multicolpretolerance=\count279
\full@width=\dimen160
\page@free=\dimen161
\premulticols=\dimen162
\postmulticols=\dimen163
\multicolsep=\skip68
\multicolbaselineskip=\skip69
\partial@page=\box59
\last@line=\box60
\mc@boxedresult=\box61
\maxbalancingoverflow=\dimen164
\mult@rightbox=\box62
\mult@grightbox=\box63
\mult@firstbox=\box64
\mult@gfirstbox=\box65
\@tempa=\box66
\@tempa=\box67
\@tempa=\box68
\@tempa=\box69
\@tempa=\box70
\@tempa=\box71
\@tempa=\box72
\@tempa=\box73
\@tempa=\box74
\@tempa=\box75
\@tempa=\box76
\@tempa=\box77
\@tempa=\box78
\@tempa=\box79
\@tempa=\box80
\@tempa=\box81
\@tempa=\box82
\@tempa=\box83
\@tempa=\box84
\@tempa=\box85
\@tempa=\box86
\@tempa=\box87
\@tempa=\box88
\@tempa=\box89
\@tempa=\box90
\@tempa=\box91
\@tempa=\box92
\@tempa=\box93
\@tempa=\box94
\@tempa=\box95
\@tempa=\box96
\@tempa=\box97
\@tempa=\box98
\@tempa=\box99
\@tempa=\box100
\@tempa=\box101
\c@minrows=\count280
\c@columnbadness=\count281
\c@finalcolumnbadness=\count282
\last@try=\dimen165
\multicolovershoot=\dimen166
\multicolundershoot=\dimen167
\mult@nat@firstbox=\box102
\colbreak@box=\box103
\mc@col@check@num=\count283
)
(/usr/share/texlive/texmf-dist/tex/latex/tools/longtable.sty
Package: longtable 2023-11-01 v4.19 Multi-page Table package (DPC)
\LTleft=\skip70
\LTright=\skip71
\LTpre=\skip72
\LTpost=\skip73
\LTchunksize=\count284
\LTcapwidth=\dimen168
\LT@head=\box104
\LT@firsthead=\box105
\LT@foot=\box106
\LT@lastfoot=\box107
\LT@gbox=\box108
\LT@cols=\count285
\LT@rows=\count286
\c@LT@tables=\count287
\c@LT@chunks=\count288
\LT@p@ftn=\toks34
)
(/usr/share/texlive/texmf-dist/tex/latex/amsmath/amscd.sty
Package: amscd 2017/04/14 v2.1 AMS Commutative Diagrams
\athelp@=\toks35
\minaw@=\dimen169
\bigaw@=\dimen170
\minCDarrowwidth=\dimen171
)
(/usr/share/texlive/texmf-dist/tex/latex/diagbox/diagbox.sty
Package: diagbox 2020/02/09 v2.3 Making table heads with diagonal lines

(/usr/share/texlive/texmf-dist/tex/latex/pict2e/pict2e.sty
Package: pict2e 2020/09/30 v0.4b Improved picture commands (HjG,RN,JT)

(/usr/share/texlive/texmf-dist/tex/latex/pict2e/pict2e.cfg
File: pict2e.cfg 2016/02/05 v0.1u pict2e configuration for teTeX/TeXLive
)
Package pict2e Info: Driver file: pdftex.def on input line 112.
Package pict2e Info: Driver file for pict2e: p2e-pdftex.def on input line 114.

(/usr/share/texlive/texmf-dist/tex/latex/pict2e/p2e-pdftex.def
File: p2e-pdftex.def 2016/02/05 v0.1u Driver-dependant file (RN,HjG,JT)
)
\pIIe@GRAPH=\toks36
\@arclen=\dimen172
\@arcrad=\dimen173
\pIIe@tempdima=\dimen174
\pIIe@tempdimb=\dimen175
\pIIe@tempdimc=\dimen176
\pIIe@tempdimd=\dimen177
\pIIe@tempdime=\dimen178
\pIIe@tempdimf=\dimen179
)
(/usr/share/texlive/texmf-dist/tex/latex/tools/calc.sty
Package: calc 2023/07/08 v4.3 Infix arithmetic (KKT,FJ)
\calc@Acount=\count289
\calc@Bcount=\count290
\calc@Adimen=\dimen180
\calc@Bdimen=\dimen181
\calc@Askip=\skip74
\calc@Bskip=\skip75
LaTeX Info: Redefining \setlength on input line 80.
LaTeX Info: Redefining \addtolength on input line 81.
\calc@Ccount=\count291
\calc@Cskip=\skip76
)
\diagbox@boxa=\box109
\diagbox@boxb=\box110
\diagbox@boxm=\box111
\diagbox@wd=\dimen182
\diagbox@ht=\dimen183
\diagbox@insepl=\dimen184
\diagbox@insepr=\dimen185
\diagbox@outsepl=\dimen186
\diagbox@outsepr=\dimen187
)
(/usr/share/texlive/texmf-dist/tex/latex/booktabs/booktabs.sty
Package: booktabs 2020/01/12 v1.61803398 Publication quality tables
\heavyrulewidth=\dimen188
\lightrulewidth=\dimen189
\cmidrulewidth=\dimen190
\belowrulesep=\dimen191
\belowbottomsep=\dimen192
\aboverulesep=\dimen193
\abovetopsep=\dimen194
\cmidrulesep=\dimen195
\cmidrulekern=\dimen196
\defaultaddspace=\dimen197
\@cmidla=\count292
\@cmidlb=\count293
\@aboverulesep=\dimen198
\@belowrulesep=\dimen199
\@thisruleclass=\count294
\@lastruleclass=\count295
\@thisrulewidth=\dimen256
)
(/usr/share/texlive/texmf-dist/tex/latex/base/alltt.sty
Package: alltt 2021/01/29 v2.0g defines alltt environment
)
(/usr/share/texlive/texmf-dist/tex/latex/mdframed/mdframed.sty
Package: mdframed 2013/07/01 1.9b: mdframed

(/usr/share/texlive/texmf-dist/tex/latex/kvoptions/kvoptions.sty
Package: kvoptions 2022-06-15 v3.15 Key value format for package options (HO)

(/usr/share/texlive/texmf-dist/tex/generic/ltxcmds/ltxcmds.sty
Package: ltxcmds 2023-12-04 v1.26 LaTeX kernel commands for general use (HO)
)
(/usr/share/texlive/texmf-dist/tex/latex/kvsetkeys/kvsetkeys.sty
Package: kvsetkeys 2022-10-05 v1.19 Key value parser (HO)
))
(/usr/share/texlive/texmf-dist/tex/latex/l3packages/xparse/xparse.sty
(/usr/share/texlive/texmf-dist/tex/latex/l3kernel/expl3.sty
Package: expl3 2024-01-22 L3 programming layer (loader) 

(/usr/share/texlive/texmf-dist/tex/latex/l3backend/l3backend-pdftex.def
File: l3backend-pdftex.def 2024-01-04 L3 backend support: PDF output (pdfTeX)
\l__color_backend_stack_int=\count296
\l__pdf_internal_box=\box112
))
Package: xparse 2023-10-10 L3 Experimental document command parser
)
(/usr/share/texlive/texmf-dist/tex/latex/etoolbox/etoolbox.sty
Package: etoolbox 2020/10/05 v2.5k e-TeX tools for LaTeX (JAW)
\etb@tempcnta=\count297
)
(/usr/share/texlive/texmf-dist/tex/latex/zref/zref-abspage.sty
Package: zref-abspage 2023-09-14 v2.35 Module abspage for zref (HO)

(/usr/share/texlive/texmf-dist/tex/latex/zref/zref-base.sty
Package: zref-base 2023-09-14 v2.35 Module base for zref (HO)

(/usr/share/texlive/texmf-dist/tex/generic/infwarerr/infwarerr.sty
Package: infwarerr 2019/12/03 v1.5 Providing info/warning/error messages (HO)
)
(/usr/share/texlive/texmf-dist/tex/generic/kvdefinekeys/kvdefinekeys.sty
Package: kvdefinekeys 2019-12-19 v1.6 Define keys (HO)
)
(/usr/share/texlive/texmf-dist/tex/generic/pdftexcmds/pdftexcmds.sty
Package: pdftexcmds 2020-06-27 v0.33 Utility functions of pdfTeX for LuaTeX (HO
)

(/usr/share/texlive/texmf-dist/tex/generic/iftex/iftex.sty
Package: iftex 2022/02/03 v1.0f TeX engine tests
)
Package pdftexcmds Info: \pdf@primitive is available.
Package pdftexcmds Info: \pdf@ifprimitive is available.
Package pdftexcmds Info: \pdfdraftmode found.
)
(/usr/share/texlive/texmf-dist/tex/generic/etexcmds/etexcmds.sty
Package: etexcmds 2019/12/15 v1.7 Avoid name clashes with e-TeX commands (HO)
)
(/usr/share/texlive/texmf-dist/tex/latex/auxhook/auxhook.sty
Package: auxhook 2019-12-17 v1.6 Hooks for auxiliary files (HO)
)
Package zref Info: New property list: main on input line 767.
Package zref Info: New property: default on input line 768.
Package zref Info: New property: page on input line 769.
)
\c@abspage=\count298
Package zref Info: New property: abspage on input line 67.
)
(/usr/share/texlive/texmf-dist/tex/latex/needspace/needspace.sty
Package: needspace 2010/09/12 v1.3d reserve vertical space
)
(/usr/share/texlive/texmf-dist/tex/latex/graphics/color.sty
Package: color 2022/01/06 v1.3d Standard LaTeX Color (DPC)

(/usr/share/texlive/texmf-dist/tex/latex/graphics-cfg/color.cfg
File: color.cfg 2016/01/02 v1.6 sample color configuration
)
Package color Info: Driver file: pdftex.def on input line 149.

(/usr/share/texlive/texmf-dist/tex/latex/graphics/mathcolor.ltx))
\mdf@templength=\skip77
\c@mdf@globalstyle@cnt=\count299
\mdf@skipabove@length=\skip78
\mdf@skipbelow@length=\skip79
\mdf@leftmargin@length=\skip80
\mdf@rightmargin@length=\skip81
\mdf@innerleftmargin@length=\skip82
\mdf@innerrightmargin@length=\skip83
\mdf@innertopmargin@length=\skip84
\mdf@innerbottommargin@length=\skip85
\mdf@splittopskip@length=\skip86
\mdf@splitbottomskip@length=\skip87
\mdf@outermargin@length=\skip88
\mdf@innermargin@length=\skip89
\mdf@linewidth@length=\skip90
\mdf@innerlinewidth@length=\skip91
\mdf@middlelinewidth@length=\skip92
\mdf@outerlinewidth@length=\skip93
\mdf@roundcorner@length=\skip94
\mdf@footenotedistance@length=\skip95
\mdf@userdefinedwidth@length=\skip96
\mdf@needspace@length=\skip97
\mdf@frametitleaboveskip@length=\skip98
\mdf@frametitlebelowskip@length=\skip99
\mdf@frametitlerulewidth@length=\skip100
\mdf@frametitleleftmargin@length=\skip101
\mdf@frametitlerightmargin@length=\skip102
\mdf@shadowsize@length=\skip103
\mdf@extratopheight@length=\skip104
\mdf@subtitleabovelinewidth@length=\skip105
\mdf@subtitlebelowlinewidth@length=\skip106
\mdf@subtitleaboveskip@length=\skip107
\mdf@subtitlebelowskip@length=\skip108
\mdf@subtitleinneraboveskip@length=\skip109
\mdf@subtitleinnerbelowskip@length=\skip110
\mdf@subsubtitleabovelinewidth@length=\skip111
\mdf@subsubtitlebelowlinewidth@length=\skip112
\mdf@subsubtitleaboveskip@length=\skip113
\mdf@subsubtitlebelowskip@length=\skip114
\mdf@subsubtitleinneraboveskip@length=\skip115
\mdf@subsubtitleinnerbelowskip@length=\skip116

(/usr/share/texlive/texmf-dist/tex/latex/pgf/frontendlayer/tikz.sty
(/usr/share/texlive/texmf-dist/tex/latex/pgf/basiclayer/pgf.sty
(/usr/share/texlive/texmf-dist/tex/latex/pgf/utilities/pgfrcs.sty
(/usr/share/texlive/texmf-dist/tex/generic/pgf/utilities/pgfutil-common.tex
\pgfutil@everybye=\toks37
\pgfutil@tempdima=\dimen257
\pgfutil@tempdimb=\dimen258
)
(/usr/share/texlive/texmf-dist/tex/generic/pgf/utilities/pgfutil-latex.def
\pgfutil@abb=\box113
)
(/usr/share/texlive/texmf-dist/tex/generic/pgf/utilities/pgfrcs.code.tex
(/usr/share/texlive/texmf-dist/tex/generic/pgf/pgf.revision.tex)
Package: pgfrcs 2023-01-15 v3.1.10 (3.1.10)
))
Package: pgf 2023-01-15 v3.1.10 (3.1.10)

(/usr/share/texlive/texmf-dist/tex/latex/pgf/basiclayer/pgfcore.sty
(/usr/share/texlive/texmf-dist/tex/latex/pgf/systemlayer/pgfsys.sty
(/usr/share/texlive/texmf-dist/tex/generic/pgf/systemlayer/pgfsys.code.tex
Package: pgfsys 2023-01-15 v3.1.10 (3.1.10)

(/usr/share/texlive/texmf-dist/tex/generic/pgf/utilities/pgfkeys.code.tex
\pgfkeys@pathtoks=\toks38
\pgfkeys@temptoks=\toks39

(/usr/share/texlive/texmf-dist/tex/generic/pgf/utilities/pgfkeyslibraryfiltered
.code.tex
\pgfkeys@tmptoks=\toks40
))
\pgf@x=\dimen259
\pgf@y=\dimen260
\pgf@xa=\dimen261
\pgf@ya=\dimen262
\pgf@xb=\dimen263
\pgf@yb=\dimen264
\pgf@xc=\dimen265
\pgf@yc=\dimen266
\pgf@xd=\dimen267
\pgf@yd=\dimen268
\w@pgf@writea=\write3
\r@pgf@reada=\read2
\c@pgf@counta=\count300
\c@pgf@countb=\count301
\c@pgf@countc=\count302
\c@pgf@countd=\count303
\t@pgf@toka=\toks41
\t@pgf@tokb=\toks42
\t@pgf@tokc=\toks43
\pgf@sys@id@count=\count304
 (/usr/share/texlive/texmf-dist/tex/generic/pgf/systemlayer/pgf.cfg
File: pgf.cfg 2023-01-15 v3.1.10 (3.1.10)
)
Driver file for pgf: pgfsys-pdftex.def
(/usr/share/texlive/texmf-dist/tex/generic/pgf/systemlayer/pgfsys-pdftex.def
File: pgfsys-pdftex.def 2023-01-15 v3.1.10 (3.1.10)

(/usr/share/texlive/texmf-dist/tex/generic/pgf/systemlayer/pgfsys-common-pdf.de
f
File: pgfsys-common-pdf.def 2023-01-15 v3.1.10 (3.1.10)
)))
(/usr/share/texlive/texmf-dist/tex/generic/pgf/systemlayer/pgfsyssoftpath.code.
tex
File: pgfsyssoftpath.code.tex 2023-01-15 v3.1.10 (3.1.10)
\pgfsyssoftpath@smallbuffer@items=\count305
\pgfsyssoftpath@bigbuffer@items=\count306
)
(/usr/share/texlive/texmf-dist/tex/generic/pgf/systemlayer/pgfsysprotocol.code.
tex
File: pgfsysprotocol.code.tex 2023-01-15 v3.1.10 (3.1.10)
)) (/usr/share/texlive/texmf-dist/tex/latex/xcolor/xcolor.sty
Package: xcolor 2023/11/15 v3.01 LaTeX color extensions (UK)

(/usr/share/texlive/texmf-dist/tex/latex/graphics-cfg/color.cfg
File: color.cfg 2016/01/02 v1.6 sample color configuration
)
Package xcolor Info: Driver file: pdftex.def on input line 274.
LaTeX Info: Redefining \color on input line 758.

(/usr/share/texlive/texmf-dist/tex/latex/graphics/mathcolor.ltx)
Package xcolor Info: Model `cmy' substituted by `cmy0' on input line 1350.
Package xcolor Info: Model `hsb' substituted by `rgb' on input line 1354.
Package xcolor Info: Model `RGB' extended on input line 1366.
Package xcolor Info: Model `HTML' substituted by `rgb' on input line 1368.
Package xcolor Info: Model `Hsb' substituted by `hsb' on input line 1369.
Package xcolor Info: Model `tHsb' substituted by `hsb' on input line 1370.
Package xcolor Info: Model `HSB' substituted by `hsb' on input line 1371.
Package xcolor Info: Model `Gray' substituted by `gray' on input line 1372.
Package xcolor Info: Model `wave' substituted by `hsb' on input line 1373.
)
(/usr/share/texlive/texmf-dist/tex/generic/pgf/basiclayer/pgfcore.code.tex
Package: pgfcore 2023-01-15 v3.1.10 (3.1.10)

(/usr/share/texlive/texmf-dist/tex/generic/pgf/math/pgfmath.code.tex
(/usr/share/texlive/texmf-dist/tex/generic/pgf/math/pgfmathutil.code.tex)
(/usr/share/texlive/texmf-dist/tex/generic/pgf/math/pgfmathparser.code.tex
\pgfmath@dimen=\dimen269
\pgfmath@count=\count307
\pgfmath@box=\box114
\pgfmath@toks=\toks44
\pgfmath@stack@operand=\toks45
\pgfmath@stack@operation=\toks46
)
(/usr/share/texlive/texmf-dist/tex/generic/pgf/math/pgfmathfunctions.code.tex)
(/usr/share/texlive/texmf-dist/tex/generic/pgf/math/pgfmathfunctions.basic.code
.tex)
(/usr/share/texlive/texmf-dist/tex/generic/pgf/math/pgfmathfunctions.trigonomet
ric.code.tex)
(/usr/share/texlive/texmf-dist/tex/generic/pgf/math/pgfmathfunctions.random.cod
e.tex)
(/usr/share/texlive/texmf-dist/tex/generic/pgf/math/pgfmathfunctions.comparison
.code.tex)
(/usr/share/texlive/texmf-dist/tex/generic/pgf/math/pgfmathfunctions.base.code.
tex)
(/usr/share/texlive/texmf-dist/tex/generic/pgf/math/pgfmathfunctions.round.code
.tex)
(/usr/share/texlive/texmf-dist/tex/generic/pgf/math/pgfmathfunctions.misc.code.
tex)
(/usr/share/texlive/texmf-dist/tex/generic/pgf/math/pgfmathfunctions.integerari
thmetics.code.tex)
(/usr/share/texlive/texmf-dist/tex/generic/pgf/math/pgfmathcalc.code.tex)
(/usr/share/texlive/texmf-dist/tex/generic/pgf/math/pgfmathfloat.code.tex
\c@pgfmathroundto@lastzeros=\count308
))
(/usr/share/texlive/texmf-dist/tex/generic/pgf/math/pgfint.code.tex)
(/usr/share/texlive/texmf-dist/tex/generic/pgf/basiclayer/pgfcorepoints.code.te
x
File: pgfcorepoints.code.tex 2023-01-15 v3.1.10 (3.1.10)
\pgf@picminx=\dimen270
\pgf@picmaxx=\dimen271
\pgf@picminy=\dimen272
\pgf@picmaxy=\dimen273
\pgf@pathminx=\dimen274
\pgf@pathmaxx=\dimen275
\pgf@pathminy=\dimen276
\pgf@pathmaxy=\dimen277
\pgf@xx=\dimen278
\pgf@xy=\dimen279
\pgf@yx=\dimen280
\pgf@yy=\dimen281
\pgf@zx=\dimen282
\pgf@zy=\dimen283
)
(/usr/share/texlive/texmf-dist/tex/generic/pgf/basiclayer/pgfcorepathconstruct.
code.tex
File: pgfcorepathconstruct.code.tex 2023-01-15 v3.1.10 (3.1.10)
\pgf@path@lastx=\dimen284
\pgf@path@lasty=\dimen285
)
(/usr/share/texlive/texmf-dist/tex/generic/pgf/basiclayer/pgfcorepathusage.code
.tex
File: pgfcorepathusage.code.tex 2023-01-15 v3.1.10 (3.1.10)
\pgf@shorten@end@additional=\dimen286
\pgf@shorten@start@additional=\dimen287
)
(/usr/share/texlive/texmf-dist/tex/generic/pgf/basiclayer/pgfcorescopes.code.te
x
File: pgfcorescopes.code.tex 2023-01-15 v3.1.10 (3.1.10)
\pgfpic=\box115
\pgf@hbox=\box116
\pgf@layerbox@main=\box117
\pgf@picture@serial@count=\count309
)
(/usr/share/texlive/texmf-dist/tex/generic/pgf/basiclayer/pgfcoregraphicstate.c
ode.tex
File: pgfcoregraphicstate.code.tex 2023-01-15 v3.1.10 (3.1.10)
\pgflinewidth=\dimen288
)
(/usr/share/texlive/texmf-dist/tex/generic/pgf/basiclayer/pgfcoretransformation
s.code.tex
File: pgfcoretransformations.code.tex 2023-01-15 v3.1.10 (3.1.10)
\pgf@pt@x=\dimen289
\pgf@pt@y=\dimen290
\pgf@pt@temp=\dimen291
)
(/usr/share/texlive/texmf-dist/tex/generic/pgf/basiclayer/pgfcorequick.code.tex
File: pgfcorequick.code.tex 2023-01-15 v3.1.10 (3.1.10)
)
(/usr/share/texlive/texmf-dist/tex/generic/pgf/basiclayer/pgfcoreobjects.code.t
ex
File: pgfcoreobjects.code.tex 2023-01-15 v3.1.10 (3.1.10)
)
(/usr/share/texlive/texmf-dist/tex/generic/pgf/basiclayer/pgfcorepathprocessing
.code.tex
File: pgfcorepathprocessing.code.tex 2023-01-15 v3.1.10 (3.1.10)
)
(/usr/share/texlive/texmf-dist/tex/generic/pgf/basiclayer/pgfcorearrows.code.te
x
File: pgfcorearrows.code.tex 2023-01-15 v3.1.10 (3.1.10)
\pgfarrowsep=\dimen292
)
(/usr/share/texlive/texmf-dist/tex/generic/pgf/basiclayer/pgfcoreshade.code.tex
File: pgfcoreshade.code.tex 2023-01-15 v3.1.10 (3.1.10)
\pgf@max=\dimen293
\pgf@sys@shading@range@num=\count310
\pgf@shadingcount=\count311
)
(/usr/share/texlive/texmf-dist/tex/generic/pgf/basiclayer/pgfcoreimage.code.tex
File: pgfcoreimage.code.tex 2023-01-15 v3.1.10 (3.1.10)
)
(/usr/share/texlive/texmf-dist/tex/generic/pgf/basiclayer/pgfcoreexternal.code.
tex
File: pgfcoreexternal.code.tex 2023-01-15 v3.1.10 (3.1.10)
\pgfexternal@startupbox=\box118
)
(/usr/share/texlive/texmf-dist/tex/generic/pgf/basiclayer/pgfcorelayers.code.te
x
File: pgfcorelayers.code.tex 2023-01-15 v3.1.10 (3.1.10)
)
(/usr/share/texlive/texmf-dist/tex/generic/pgf/basiclayer/pgfcoretransparency.c
ode.tex
File: pgfcoretransparency.code.tex 2023-01-15 v3.1.10 (3.1.10)
)
(/usr/share/texlive/texmf-dist/tex/generic/pgf/basiclayer/pgfcorepatterns.code.
tex
File: pgfcorepatterns.code.tex 2023-01-15 v3.1.10 (3.1.10)
)
(/usr/share/texlive/texmf-dist/tex/generic/pgf/basiclayer/pgfcorerdf.code.tex
File: pgfcorerdf.code.tex 2023-01-15 v3.1.10 (3.1.10)
)))
(/usr/share/texlive/texmf-dist/tex/generic/pgf/modules/pgfmoduleshapes.code.tex
File: pgfmoduleshapes.code.tex 2023-01-15 v3.1.10 (3.1.10)
\pgfnodeparttextbox=\box119
) (/usr/share/texlive/texmf-dist/tex/generic/pgf/modules/pgfmoduleplot.code.tex
File: pgfmoduleplot.code.tex 2023-01-15 v3.1.10 (3.1.10)
)
(/usr/share/texlive/texmf-dist/tex/latex/pgf/compatibility/pgfcomp-version-0-65
.sty
Package: pgfcomp-version-0-65 2023-01-15 v3.1.10 (3.1.10)
\pgf@nodesepstart=\dimen294
\pgf@nodesepend=\dimen295
)
(/usr/share/texlive/texmf-dist/tex/latex/pgf/compatibility/pgfcomp-version-1-18
.sty
Package: pgfcomp-version-1-18 2023-01-15 v3.1.10 (3.1.10)
)) (/usr/share/texlive/texmf-dist/tex/latex/pgf/utilities/pgffor.sty
(/usr/share/texlive/texmf-dist/tex/latex/pgf/utilities/pgfkeys.sty
(/usr/share/texlive/texmf-dist/tex/generic/pgf/utilities/pgfkeys.code.tex))
(/usr/share/texlive/texmf-dist/tex/latex/pgf/math/pgfmath.sty
(/usr/share/texlive/texmf-dist/tex/generic/pgf/math/pgfmath.code.tex))
(/usr/share/texlive/texmf-dist/tex/generic/pgf/utilities/pgffor.code.tex
Package: pgffor 2023-01-15 v3.1.10 (3.1.10)
\pgffor@iter=\dimen296
\pgffor@skip=\dimen297
\pgffor@stack=\toks47
\pgffor@toks=\toks48
))
(/usr/share/texlive/texmf-dist/tex/generic/pgf/frontendlayer/tikz/tikz.code.tex
Package: tikz 2023-01-15 v3.1.10 (3.1.10)

(/usr/share/texlive/texmf-dist/tex/generic/pgf/libraries/pgflibraryplothandlers
.code.tex
File: pgflibraryplothandlers.code.tex 2023-01-15 v3.1.10 (3.1.10)
\pgf@plot@mark@count=\count312
\pgfplotmarksize=\dimen298
)
\tikz@lastx=\dimen299
\tikz@lasty=\dimen300
\tikz@lastxsaved=\dimen301
\tikz@lastysaved=\dimen302
\tikz@lastmovetox=\dimen303
\tikz@lastmovetoy=\dimen304
\tikzleveldistance=\dimen305
\tikzsiblingdistance=\dimen306
\tikz@figbox=\box120
\tikz@figbox@bg=\box121
\tikz@tempbox=\box122
\tikz@tempbox@bg=\box123
\tikztreelevel=\count313
\tikznumberofchildren=\count314
\tikznumberofcurrentchild=\count315
\tikz@fig@count=\count316

(/usr/share/texlive/texmf-dist/tex/generic/pgf/modules/pgfmodulematrix.code.tex
File: pgfmodulematrix.code.tex 2023-01-15 v3.1.10 (3.1.10)
\pgfmatrixcurrentrow=\count317
\pgfmatrixcurrentcolumn=\count318
\pgf@matrix@numberofcolumns=\count319
)
\tikz@expandcount=\count320

(/usr/share/texlive/texmf-dist/tex/generic/pgf/frontendlayer/tikz/libraries/tik
zlibrarytopaths.code.tex
File: tikzlibrarytopaths.code.tex 2023-01-15 v3.1.10 (3.1.10)
)))
(/usr/share/texlive/texmf-dist/tex/latex/mdframed/md-frame-1.mdf
File: md-frame-1.mdf 2013/07/01\ 1.9b: md-frame-1
)
\mdf@frametitlebox=\box124
\mdf@footnotebox=\box125
\mdf@splitbox@one=\box126
\mdf@splitbox@two=\box127
\mdf@splitbox@save=\box128
\mdfsplitboxwidth=\skip117
\mdfsplitboxtotalwidth=\skip118
\mdfsplitboxheight=\skip119
\mdfsplitboxdepth=\skip120
\mdfsplitboxtotalheight=\skip121
\mdfframetitleboxwidth=\skip122
\mdfframetitleboxtotalwidth=\skip123
\mdfframetitleboxheight=\skip124
\mdfframetitleboxdepth=\skip125
\mdfframetitleboxtotalheight=\skip126
\mdffootnoteboxwidth=\skip127
\mdffootnoteboxtotalwidth=\skip128
\mdffootnoteboxheight=\skip129
\mdffootnoteboxdepth=\skip130
\mdffootnoteboxtotalheight=\skip131
\mdftotallinewidth=\skip132
\mdfboundingboxwidth=\skip133
\mdfboundingboxtotalwidth=\skip134
\mdfboundingboxheight=\skip135
\mdfboundingboxdepth=\skip136
\mdfboundingboxtotalheight=\skip137
\mdf@freevspace@length=\skip138
\mdf@horizontalwidthofbox@length=\skip139
\mdf@verticalmarginwhole@length=\skip140
\mdf@horizontalspaceofbox=\skip141
\mdfsubtitleheight=\skip142
\mdfsubsubtitleheight=\skip143
\c@mdfcountframes=\count321

****** mdframed patching \endmdf@trivlist

****** -- success******

\mdf@envdepth=\count322
\c@mdf@env@i=\count323
\c@mdf@env@ii=\count324
\c@mdf@zref@counter=\count325
Package zref Info: New property: mdf@pagevalue on input line 895.
)
(/usr/share/texlive/texmf-dist/tex/latex/caption/caption.sty
Package: caption 2023/08/05 v3.6o Customizing captions (AR)

(/usr/share/texlive/texmf-dist/tex/latex/caption/caption3.sty
Package: caption3 2023/07/31 v2.4d caption3 kernel (AR)
\caption@tempdima=\dimen307
\captionmargin=\dimen308
\caption@leftmargin=\dimen309
\caption@rightmargin=\dimen310
\caption@width=\dimen311
\caption@indent=\dimen312
\caption@parindent=\dimen313
\caption@hangindent=\dimen314
Package caption Info: Standard document class detected.
)
\c@caption@flags=\count326
\c@continuedfloat=\count327
Package caption Info: longtable package is loaded.

(/usr/share/texlive/texmf-dist/tex/latex/caption/ltcaption.sty
Package: ltcaption 2021/01/08 v1.4c longtable captions (AR)
))
(/usr/share/texlive/texmf-dist/tex/latex/caption/subcaption.sty
Package: subcaption 2023/07/28 v1.6b Sub-captions (AR)
Package caption Info: New subtype `subfigure' on input line 238.
\c@subfigure=\count328
Package caption Info: New subtype `subtable' on input line 238.
\c@subtable=\count329
)
(/usr/share/texlive/texmf-dist/tex/latex/lastpage/lastpage.sty
Package: lastpage 2023/10/14 v2.0e lastpage: 2.09 or 2e? (HMM)

(/usr/share/texlive/texmf-dist/tex/latex/lastpage/lastpage2e.sty
Package: lastpage2e 2023/10/14 v2.0e Decide which 2e lastpage version to use (H
MM)

(/usr/share/texlive/texmf-dist/tex/latex/lastpage/lastpagemodern.sty
Package: lastpagemodern 2023-10-14 v2.0e Refers to last page's name (HMM; JPG)
\c@lastpagecount=\count330
) 
)) (/usr/share/texlive/texmf-dist/tex/latex/tools/enumerate.sty
Package: enumerate 2023/07/04 v3.00 enumerate extensions (DPC)
\@enLab=\toks49
)
(/usr/share/texlive/texmf-dist/tex/latex/pdfpages/pdfpages.sty
Package: pdfpages 2024/01/21 v0.5y Insert pages of external PDF documents (AM)

(/usr/share/texlive/texmf-dist/tex/latex/eso-pic/eso-pic.sty
Package: eso-pic 2023/05/03 v3.0c eso-pic (RN)
\ESO@tempdima=\dimen315
\ESO@tempdimb=\dimen316
)
\AM@pagewidth=\dimen317
\AM@pageheight=\dimen318
\AM@fboxrule=\dimen319

(/usr/share/texlive/texmf-dist/tex/latex/pdfpages/pppdftex.def
File: pppdftex.def 2024/01/21 v0.5y Pdfpages driver for pdfTeX (AM)
)
\pdfpages@includegraphics@status=\count331
\AM@pagebox=\box129
\AM@global@opts=\toks50
\AM@pagecnt=\count332
\AM@toc@title=\toks51
\AM@lof@heading=\toks52
\c@AM@survey=\count333
\AM@templatesizebox=\box130
)
(/usr/share/texlive/texmf-dist/tex/latex/float/float.sty
Package: float 2001/11/08 v1.3d Float enhancements (AL)
\c@float@type=\count334
\float@exts=\toks53
\float@box=\box131
\@float@everytoks=\toks54
\@floatcapt=\box132
)
(/usr/share/texlive/texmf-dist/tex/latex/tools/tabularx.sty
Package: tabularx 2023/07/08 v2.11c `tabularx' package (DPC)
\TX@col@width=\dimen320
\TX@old@table=\dimen321
\TX@old@col=\dimen322
\TX@target=\dimen323
\TX@delta=\dimen324
\TX@cols=\count335
\TX@ftn=\toks55
)
(/usr/share/texlive/texmf-dist/tex/latex/multirow/multirow.sty
Package: multirow 2021/03/15 v2.8 Span multiple rows of a table
\multirow@colwidth=\skip144
\multirow@cntb=\count336
\multirow@dima=\skip145
\bigstrutjot=\dimen325
)
(/usr/share/texlive/texmf-dist/tex/latex/graphics/rotating.sty
Package: rotating 2016/08/11 v2.16d rotated objects in LaTeX
\c@r@tfl@t=\count337
\rotFPtop=\skip146
\rotFPbot=\skip147
\rot@float@box=\box133
\rot@mess@toks=\toks56
)
(/usr/share/texlive/texmf-dist/tex/latex/geometry/geometry.sty
Package: geometry 2020/01/02 v5.9 Page Geometry

(/usr/share/texlive/texmf-dist/tex/generic/iftex/ifvtex.sty
Package: ifvtex 2019/10/25 v1.7 ifvtex legacy package. Use iftex instead.
)
\Gm@cnth=\count338
\Gm@cntv=\count339
\c@Gm@tempcnt=\count340
\Gm@bindingoffset=\dimen326
\Gm@wd@mp=\dimen327
\Gm@odd@mp=\dimen328
\Gm@even@mp=\dimen329
\Gm@layoutwidth=\dimen330
\Gm@layoutheight=\dimen331
\Gm@layouthoffset=\dimen332
\Gm@layoutvoffset=\dimen333
\Gm@dimlist=\toks57
)
(/usr/share/texlive/texmf-dist/tex/latex/setspace/setspace.sty
Package: setspace 2022/12/04 v6.7b set line spacing
)
(/usr/share/texlive/texmf-dist/tex/latex/url/url.sty
\Urlmuskip=\muskip17
Package: url 2013/09/16  ver 3.4  Verb mode for urls, etc.
)
(/usr/share/texlive/texmf-dist/tex/generic/pgf/frontendlayer/tikz/libraries/tik
zlibraryarrows.code.tex
File: tikzlibraryarrows.code.tex 2023-01-15 v3.1.10 (3.1.10)

(/usr/share/texlive/texmf-dist/tex/generic/pgf/libraries/pgflibraryarrows.code.
tex
File: pgflibraryarrows.code.tex 2023-01-15 v3.1.10 (3.1.10)
\arrowsize=\dimen334
))
(/usr/share/texlive/texmf-dist/tex/generic/pgf/frontendlayer/tikz/libraries/tik
zlibrarysnakes.code.tex
File: tikzlibrarysnakes.code.tex 2023-01-15 v3.1.10 (3.1.10)


Package pgf Warning: Snakes have been superseded by decorations. Please use the
 decoration libraries instead of the snakes library on input line 14.


(/usr/share/texlive/texmf-dist/tex/generic/pgf/frontendlayer/tikz/libraries/tik
zlibrarydecorations.pathmorphing.code.tex
(/usr/share/texlive/texmf-dist/tex/generic/pgf/frontendlayer/tikz/libraries/tik
zlibrarydecorations.code.tex
(/usr/share/texlive/texmf-dist/tex/generic/pgf/modules/pgfmoduledecorations.cod
e.tex
\pgfdecoratedcompleteddistance=\dimen335
\pgfdecoratedremainingdistance=\dimen336
\pgfdecoratedinputsegmentcompleteddistance=\dimen337
\pgfdecoratedinputsegmentremainingdistance=\dimen338
\pgf@decorate@distancetomove=\dimen339
\pgf@decorate@repeatstate=\count341
\pgfdecorationsegmentamplitude=\dimen340
\pgfdecorationsegmentlength=\dimen341
)
\tikz@lib@dec@box=\box134
)
(/usr/share/texlive/texmf-dist/tex/generic/pgf/libraries/decorations/pgflibrary
decorations.pathmorphing.code.tex))
(/usr/share/texlive/texmf-dist/tex/generic/pgf/frontendlayer/tikz/libraries/tik
zlibrarydecorations.pathreplacing.code.tex
(/usr/share/texlive/texmf-dist/tex/generic/pgf/libraries/decorations/pgflibrary
decorations.pathreplacing.code.tex))
(/usr/share/texlive/texmf-dist/tex/generic/pgf/frontendlayer/tikz/libraries/tik
zlibrarydecorations.shapes.code.tex
(/usr/share/texlive/texmf-dist/tex/generic/pgf/libraries/decorations/pgflibrary
decorations.shapes.code.tex)))
(/usr/share/texlive/texmf-dist/tex/generic/pgf/frontendlayer/tikz/libraries/tik
zlibrarybackgrounds.code.tex
File: tikzlibrarybackgrounds.code.tex 2023-01-15 v3.1.10 (3.1.10)
\pgf@layerbox@background=\box135
\pgf@layerboxsaved@background=\box136
)
(/usr/share/texlive/texmf-dist/tex/generic/pgf/frontendlayer/tikz/libraries/tik
zlibrarycalc.code.tex
File: tikzlibrarycalc.code.tex 2023-01-15 v3.1.10 (3.1.10)
)
(/usr/share/texlive/texmf-dist/tex/latex/hyperref/hyperref.sty
Package: hyperref 2024-01-20 v7.01h Hypertext links for LaTeX

(/usr/share/texlive/texmf-dist/tex/generic/pdfescape/pdfescape.sty
Package: pdfescape 2019/12/09 v1.15 Implements pdfTeX's escape features (HO)
)
(/usr/share/texlive/texmf-dist/tex/latex/hycolor/hycolor.sty
Package: hycolor 2020-01-27 v1.10 Color options for hyperref/bookmark (HO)
)
(/usr/share/texlive/texmf-dist/tex/latex/hyperref/nameref.sty
Package: nameref 2023-11-26 v2.56 Cross-referencing by name of section

(/usr/share/texlive/texmf-dist/tex/latex/refcount/refcount.sty
Package: refcount 2019/12/15 v3.6 Data extraction from label references (HO)
)
(/usr/share/texlive/texmf-dist/tex/generic/gettitlestring/gettitlestring.sty
Package: gettitlestring 2019/12/15 v1.6 Cleanup title references (HO)
)
\c@section@level=\count342
)
\@linkdim=\dimen342
\Hy@linkcounter=\count343
\Hy@pagecounter=\count344

(/usr/share/texlive/texmf-dist/tex/latex/hyperref/pd1enc.def
File: pd1enc.def 2024-01-20 v7.01h Hyperref: PDFDocEncoding definition (HO)
Now handling font encoding PD1 ...
... no UTF-8 mapping file for font encoding PD1
)
(/usr/share/texlive/texmf-dist/tex/generic/intcalc/intcalc.sty
Package: intcalc 2019/12/15 v1.3 Expandable calculations with integers (HO)
)
\Hy@SavedSpaceFactor=\count345

(/usr/share/texlive/texmf-dist/tex/latex/hyperref/puenc.def
File: puenc.def 2024-01-20 v7.01h Hyperref: PDF Unicode definition (HO)
Now handling font encoding PU ...
... no UTF-8 mapping file for font encoding PU
)
Package hyperref Info: Option `unicode' set `true' on input line 4062.
Package hyperref Info: Hyper figures OFF on input line 4179.
Package hyperref Info: Link nesting OFF on input line 4184.
Package hyperref Info: Hyper index ON on input line 4187.
Package hyperref Info: Plain pages OFF on input line 4194.
Package hyperref Info: Backreferencing OFF on input line 4199.
Package hyperref Info: Implicit mode ON; LaTeX internals redefined.
Package hyperref Info: Bookmarks ON on input line 4446.
\c@Hy@tempcnt=\count346
LaTeX Info: Redefining \url on input line 4784.
\XeTeXLinkMargin=\dimen343

(/usr/share/texlive/texmf-dist/tex/generic/bitset/bitset.sty
Package: bitset 2019/12/09 v1.3 Handle bit-vector datatype (HO)

(/usr/share/texlive/texmf-dist/tex/generic/bigintcalc/bigintcalc.sty
Package: bigintcalc 2019/12/15 v1.5 Expandable calculations on big integers (HO
)
))
\Fld@menulength=\count347
\Field@Width=\dimen344
\Fld@charsize=\dimen345
Package hyperref Info: Hyper figures OFF on input line 6063.
Package hyperref Info: Link nesting OFF on input line 6068.
Package hyperref Info: Hyper index ON on input line 6071.
Package hyperref Info: backreferencing OFF on input line 6078.
Package hyperref Info: Link coloring OFF on input line 6083.
Package hyperref Info: Link coloring with OCG OFF on input line 6088.
Package hyperref Info: PDF/A mode OFF on input line 6093.

(/usr/share/texlive/texmf-dist/tex/latex/base/atbegshi-ltx.sty
Package: atbegshi-ltx 2021/01/10 v1.0c Emulation of the original atbegshi
package with kernel methods
)
\Hy@abspage=\count348
\c@Item=\count349
\c@Hfootnote=\count350
)
Package hyperref Info: Driver (autodetected): hpdftex.

(/usr/share/texlive/texmf-dist/tex/latex/hyperref/hpdftex.def
File: hpdftex.def 2024-01-20 v7.01h Hyperref driver for pdfTeX

(/usr/share/texlive/texmf-dist/tex/latex/base/atveryend-ltx.sty
Package: atveryend-ltx 2020/08/19 v1.0a Emulation of the original atveryend pac
kage
with kernel methods
)
\HyAnn@Count=\count351
\Fld@listcount=\count352
\c@bookmark@seq@number=\count353

(/usr/share/texlive/texmf-dist/tex/latex/rerunfilecheck/rerunfilecheck.sty
Package: rerunfilecheck 2022-07-10 v1.10 Rerun checks for auxiliary files (HO)

(/usr/share/texlive/texmf-dist/tex/generic/uniquecounter/uniquecounter.sty
Package: uniquecounter 2019/12/15 v1.4 Provide unlimited unique counter (HO)
)
Package uniquecounter Info: New unique counter `rerunfilecheck' on input line 2
85.
)
\Hy@SectionHShift=\skip148
)
Package hyperref Info: Option `colorlinks' set `true' on input line 42.

(/usr/share/texlive/texmf-dist/tex/latex/listings/listings.sty
\lst@mode=\count354
\lst@gtempboxa=\box137
\lst@token=\toks58
\lst@length=\count355
\lst@currlwidth=\dimen346
\lst@column=\count356
\lst@pos=\count357
\lst@lostspace=\dimen347
\lst@width=\dimen348
\lst@newlines=\count358
\lst@lineno=\count359
\lst@maxwidth=\dimen349

(/usr/share/texlive/texmf-dist/tex/latex/listings/lstmisc.sty
File: lstmisc.sty 2023/02/27 1.9 (Carsten Heinz)
\c@lstnumber=\count360
\lst@skipnumbers=\count361
\lst@framebox=\box138
)
(/usr/share/texlive/texmf-dist/tex/latex/listings/listings.cfg
File: listings.cfg 2023/02/27 1.9 listings configuration
))
Package: listings 2023/02/27 1.9 (Carsten Heinz)

(/usr/share/texlive/texmf-dist/tex/latex/grffile/grffile.sty
Package: grffile 2019/11/11 v2.1 Extended file name support for graphics (legac
y)
Package grffile Info: This package is an empty stub for compatibility on input 
line 40.
)
\c@theorem=\count362
\c@property=\count363
\c@proposition=\count364
\c@exer=\count365
\c@subsubsubsection=\count366
LaTeX Font Info:    Trying to load font information for T5+ptm on input line 13
1.

(/usr/share/texlive/texmf-dist/tex/latex/vntex/t5ptm.fd
File: t5utm.fd 2005/08/24 Fontinst v1.929 font definitions for T5/ptm.
) (./main.aux)
\openout1 = `main.aux'.

LaTeX Font Info:    Checking defaults for OML/cmm/m/it on input line 131.
LaTeX Font Info:    ... okay on input line 131.
LaTeX Font Info:    Checking defaults for OMS/cmsy/m/n on input line 131.
LaTeX Font Info:    ... okay on input line 131.
LaTeX Font Info:    Checking defaults for OT1/cmr/m/n on input line 131.
LaTeX Font Info:    ... okay on input line 131.
LaTeX Font Info:    Checking defaults for T1/cmr/m/n on input line 131.
LaTeX Font Info:    ... okay on input line 131.
LaTeX Font Info:    Checking defaults for TS1/cmr/m/n on input line 131.
LaTeX Font Info:    ... okay on input line 131.
LaTeX Font Info:    Checking defaults for OMX/cmex/m/n on input line 131.
LaTeX Font Info:    ... okay on input line 131.
LaTeX Font Info:    Checking defaults for U/cmr/m/n on input line 131.
LaTeX Font Info:    ... okay on input line 131.
LaTeX Font Info:    Checking defaults for T5/cmr/m/n on input line 131.
LaTeX Font Info:    ... okay on input line 131.
LaTeX Font Info:    Checking defaults for PD1/pdf/m/n on input line 131.
LaTeX Font Info:    ... okay on input line 131.
LaTeX Font Info:    Checking defaults for PU/pdf/m/n on input line 131.
LaTeX Font Info:    ... okay on input line 131.

(/usr/share/texlive/texmf-dist/tex/context/base/mkii/supp-pdf.mkii
[Loading MPS to PDF converter (version 2006.09.02).]
\scratchcounter=\count367
\scratchdimen=\dimen350
\scratchbox=\box139
\nofMPsegments=\count368
\nofMParguments=\count369
\everyMPshowfont=\toks59
\MPscratchCnt=\count370
\MPscratchDim=\dimen351
\MPnumerator=\count371
\makeMPintoPDFobject=\count372
\everyMPtoPDFconversion=\toks60
) (/usr/share/texlive/texmf-dist/tex/latex/epstopdf-pkg/epstopdf-base.sty
Package: epstopdf-base 2020-01-24 v2.11 Base part for package epstopdf
Package epstopdf-base Info: Redefining graphics rule for `.eps' on input line 4
85.

(/usr/share/texlive/texmf-dist/tex/latex/latexconfig/epstopdf-sys.cfg
File: epstopdf-sys.cfg 2010/07/13 v1.3 Configuration of (r)epstopdf for TeX Liv
e
))
Package caption Info: Begin \AtBeginDocument code.
Package caption Info: float package is loaded.
Package caption Info: hyperref package is loaded.
Package caption Info: listings package is loaded.
Package caption Info: rotating package is loaded.
Package caption Info: End \AtBeginDocument code.

(/usr/share/texlive/texmf-dist/tex/latex/pdflscape/pdflscape.sty
Package: pdflscape 2022-10-27 v0.13 Display of landscape pages in PDF

(/usr/share/texlive/texmf-dist/tex/latex/pdflscape/pdflscape-nometadata.sty
Package: pdflscape-nometadata 2022-10-28 v0.13 Display of landscape pages in PD
F (HO)

(/usr/share/texlive/texmf-dist/tex/latex/graphics/lscape.sty
Package: lscape 2020/05/28 v3.02 Landscape Pages (DPC)
)
Package pdflscape Info: Auto-detected driver: pdftex on input line 81.
))
*geometry* driver: auto-detecting
*geometry* detected driver: pdftex
*geometry* verbose mode - [ preamble ] result:
* driver: pdftex
* paper: a4paper
* layout: <same size as paper>
* layoutoffset:(h,v)=(0.0pt,0.0pt)
* modes: 
* h-part:(L,W,R)=(85.35826pt, 455.24408pt, 56.90553pt)
* v-part:(T,H,B)=(85.35826pt, 682.86613pt, 76.82245pt)
* \paperwidth=597.50787pt
* \paperheight=845.04684pt
* \textwidth=455.24408pt
* \textheight=682.86613pt
* \oddsidemargin=13.08827pt
* \evensidemargin=13.08827pt
* \topmargin=-51.91173pt
* \headheight=40.0pt
* \headsep=25.0pt
* \topskip=10.0pt
* \footskip=30.0pt
* \marginparwidth=54.2025pt
* \marginparsep=11.0pt
* \columnsep=10.0pt
* \skip\footins=9.0pt plus 4.0pt minus 2.0pt
* \hoffset=0.0pt
* \voffset=0.0pt
* \mag=1000
* \@twocolumnfalse
* \@twosidefalse
* \@mparswitchfalse
* \@reversemarginfalse
* (1in=72.27pt=25.4mm, 1cm=28.453pt)

Package hyperref Info: Link coloring ON on input line 131.
\@outlinefile=\write4
\openout4 = `main.out'.

\c@lstlisting=\count373
<Images/hcmut.png, id=7, 514.3215pt x 491.9178pt>
File: Images/hcmut.png Graphic file (type png)
<use Images/hcmut.png>
Package pdftex.def Info: Images/hcmut.png  used on input line 154.
(pdftex.def)             Requested size: 113.81102pt x 108.85275pt.
LaTeX Font Info:    Trying to load font information for OT1+ztmcm on input line
 159.
(/usr/share/texlive/texmf-dist/tex/latex/psnfss/ot1ztmcm.fd
File: ot1ztmcm.fd 2000/01/03 Fontinst v1.801 font definitions for OT1/ztmcm.
)
LaTeX Font Info:    Trying to load font information for OML+ztmcm on input line
 159.

(/usr/share/texlive/texmf-dist/tex/latex/psnfss/omlztmcm.fd
File: omlztmcm.fd 2000/01/03 Fontinst v1.801 font definitions for OML/ztmcm.
)
LaTeX Font Info:    Trying to load font information for OMS+ztmcm on input line
 159.

(/usr/share/texlive/texmf-dist/tex/latex/psnfss/omsztmcm.fd
File: omsztmcm.fd 2000/01/03 Fontinst v1.801 font definitions for OMS/ztmcm.
)
LaTeX Font Info:    Trying to load font information for OMX+ztmcm on input line
 159.

(/usr/share/texlive/texmf-dist/tex/latex/psnfss/omxztmcm.fd
File: omxztmcm.fd 2000/01/03 Fontinst v1.801 font definitions for OMX/ztmcm.
)
LaTeX Font Info:    Trying to load font information for OT1+ptm on input line 1
59.

(/usr/share/texlive/texmf-dist/tex/latex/psnfss/ot1ptm.fd
File: ot1ptm.fd 2001/06/04 font definitions for OT1/ptm.
)
LaTeX Font Info:    Font shape `OT1/ptm/bx/n' in size <10> not available
(Font)              Font shape `OT1/ptm/b/n' tried instead on input line 159.
LaTeX Font Info:    Font shape `OT1/ptm/bx/n' in size <7.4> not available
(Font)              Font shape `OT1/ptm/b/n' tried instead on input line 159.
LaTeX Font Info:    Font shape `OT1/ptm/bx/n' in size <6> not available
(Font)              Font shape `OT1/ptm/b/n' tried instead on input line 159.
LaTeX Font Info:    Trying to load font information for U+lasy on input line 15
9.

(/usr/share/texlive/texmf-dist/tex/latex/base/ulasy.fd
File: ulasy.fd 1998/08/17 v2.2e LaTeX symbol font definitions
) [1

{/var/lib/texmf/fonts/map/pdftex/updmap/pdftex.map}{/usr/share/texlive/texmf-di
st/fonts/enc/dvips/vntex/t5.enc} <./Images/hcmut.png>]
No file main.toc.
\tf@toc=\write5
\openout5 = `main.toc'.

File: Images/hcmut.png Graphic file (type png)
<use Images/hcmut.png>
Package pdftex.def Info: Images/hcmut.png  used on input line 193.
(pdftex.def)             Requested size: 28.44864pt x 27.20943pt.

LaTeX Warning: Reference `LastPage' on page 1 undefined on input line 193.


pdfTeX warning (ext4): destination with the same identifier (name{page.1}) has 
been already used, duplicate ignored
<to be read again> 
                   \relax 
l.193 \newpage
               [1] (./ChuongTrinhThucTap.tex
File: Images/hcmut.png Graphic file (type png)
<use Images/hcmut.png>
Package pdftex.def Info: Images/hcmut.png  used on input line 13.
(pdftex.def)             Requested size: 28.44864pt x 27.20943pt.


LaTeX Warning: Reference `LastPage' on page 2 undefined on input line 13.

[2]
File: Images/hcmut.png Graphic file (type png)
<use Images/hcmut.png>
Package pdftex.def Info: Images/hcmut.png  used on input line 14.
(pdftex.def)             Requested size: 28.44864pt x 27.20943pt.


LaTeX Warning: Reference `LastPage' on page 3 undefined on input line 14.

[3]) (./KetQuaXetTuyen.tex
File: Images/hcmut.png Graphic file (type png)
<use Images/hcmut.png>
Package pdftex.def Info: Images/hcmut.png  used on input line 13.
(pdftex.def)             Requested size: 28.44864pt x 27.20943pt.


LaTeX Warning: Reference `LastPage' on page 4 undefined on input line 13.

[4]
File: Images/hcmut.png Graphic file (type png)
<use Images/hcmut.png>
Package pdftex.def Info: Images/hcmut.png  used on input line 14.
(pdftex.def)             Requested size: 28.44864pt x 27.20943pt.


LaTeX Warning: Reference `LastPage' on page 5 undefined on input line 14.

[5]) (./generated/content_body_vi.tex (./generated/vi/1_Worklog_1_1_Week1.tex
LaTeX Font Info:    Trying to load font information for TS1+ptm on input line 6
.

(/usr/share/texlive/texmf-dist/tex/latex/psnfss/ts1ptm.fd
File: ts1ptm.fd 2001/06/04 font definitions for TS1/ptm.
)
File: Images/hcmut.png Graphic file (type png)
<use Images/hcmut.png>
Package pdftex.def Info: Images/hcmut.png  used on input line 71.
(pdftex.def)             Requested size: 28.44864pt x 27.20943pt.


LaTeX Warning: Reference `LastPage' on page 6 undefined on input line 71.

[6{/usr/share/texlive/texmf-dist/fonts/enc/dvips/base/8r.enc}])
(./generated/vi/1_Worklog_1_2_Week2.tex
LaTeX Font Info:    Trying to load font information for T5+cmtt on input line 8
.

(/usr/share/texlive/texmf-dist/tex/latex/vntex/t5cmtt.fd
File: t5cmtt.fd 1999/05/25 v2.5h Standard LaTeX font definitions
)
Overfull \hbox (36.57251pt too wide) in paragraph at lines 61--64
\T5/cmtt/m/n/9 PostgresChatMessageHistory 
 []

File: Images/hcmut.png Graphic file (type png)
<use Images/hcmut.png>
Package pdftex.def Info: Images/hcmut.png  used on input line 73.
(pdftex.def)             Requested size: 28.44864pt x 27.20943pt.

LaTeX Warning: Reference `LastPage' on page 7 undefined on input line 73.

[7]) (./generated/vi/1_Worklog_1_3_Week3.tex
File: Images/hcmut.png Graphic file (type png)
<use Images/hcmut.png>
Package pdftex.def Info: Images/hcmut.png  used on input line 58.
(pdftex.def)             Requested size: 28.44864pt x 27.20943pt.


LaTeX Warning: Reference `LastPage' on page 8 undefined on input line 58.

[8]) (./generated/vi/1_Worklog_1_4_Week4.tex
File: Images/hcmut.png Graphic file (type png)
<use Images/hcmut.png>
Package pdftex.def Info: Images/hcmut.png  used on input line 58.
(pdftex.def)             Requested size: 28.44864pt x 27.20943pt.


LaTeX Warning: Reference `LastPage' on page 9 undefined on input line 58.

[9]) (./generated/vi/1_Worklog_1_5_Week5.tex
File: Images/hcmut.png Graphic file (type png)
<use Images/hcmut.png>
Package pdftex.def Info: Images/hcmut.png  used on input line 72.
(pdftex.def)             Requested size: 28.44864pt x 27.20943pt.


LaTeX Warning: Reference `LastPage' on page 10 undefined on input line 72.

[10]) (./generated/vi/1_Worklog_1_6_Week6.tex
File: Images/hcmut.png Graphic file (type png)
<use Images/hcmut.png>
Package pdftex.def Info: Images/hcmut.png  used on input line 76.
(pdftex.def)             Requested size: 28.44864pt x 27.20943pt.


LaTeX Warning: Reference `LastPage' on page 11 undefined on input line 76.

[11]
File: Images/hcmut.png Graphic file (type png)
<use Images/hcmut.png>
Package pdftex.def Info: Images/hcmut.png  used on input line 88.
(pdftex.def)             Requested size: 28.44864pt x 27.20943pt.


LaTeX Warning: Reference `LastPage' on page 12 undefined on input line 88.

[12]) (./generated/vi/1_Worklog_1_7_Week7.tex
File: Images/hcmut.png Graphic file (type png)
<use Images/hcmut.png>
Package pdftex.def Info: Images/hcmut.png  used on input line 77.
(pdftex.def)             Requested size: 28.44864pt x 27.20943pt.


LaTeX Warning: Reference `LastPage' on page 13 undefined on input line 77.

[13]) (./generated/vi/1_Worklog_1_8_Week8.tex
File: Images/hcmut.png Graphic file (type png)
<use Images/hcmut.png>
Package pdftex.def Info: Images/hcmut.png  used on input line 74.
(pdftex.def)             Requested size: 28.44864pt x 27.20943pt.


LaTeX Warning: Reference `LastPage' on page 14 undefined on input line 74.

[14]
File: Images/hcmut.png Graphic file (type png)
<use Images/hcmut.png>
Package pdftex.def Info: Images/hcmut.png  used on input line 74.
(pdftex.def)             Requested size: 28.44864pt x 27.20943pt.


LaTeX Warning: Reference `LastPage' on page 15 undefined on input line 74.

[15])
File: Images/hcmut.png Graphic file (type png)
<use Images/hcmut.png>
Package pdftex.def Info: Images/hcmut.png  used on input line 33.
(pdftex.def)             Requested size: 28.44864pt x 27.20943pt.


LaTeX Warning: Reference `LastPage' on page 16 undefined on input line 33.

[16] (./generated/vi/2_Proposal.tex
<../static/images/pipeline.png, id=155, 1367.1075pt x 744.7825pt>
File: ../static/images/pipeline.png Graphic file (type png)
<use ../static/images/pipeline.png>
Package pdftex.def Info: ../static/images/pipeline.png  used on input line 90.
(pdftex.def)             Requested size: 455.24408pt x 248.00641pt.
File: Images/hcmut.png Graphic file (type png)
<use Images/hcmut.png>
Package pdftex.def Info: Images/hcmut.png  used on input line 113.
(pdftex.def)             Requested size: 28.44864pt x 27.20943pt.


LaTeX Warning: Reference `LastPage' on page 17 undefined on input line 113.

[17]
File: Images/hcmut.png Graphic file (type png)
<use Images/hcmut.png>
Package pdftex.def Info: Images/hcmut.png  used on input line 177.
(pdftex.def)             Requested size: 28.44864pt x 27.20943pt.


LaTeX Warning: Reference `LastPage' on page 18 undefined on input line 177.

[18 <../static/images/pipeline.png>]
Underfull \hbox (badness 10000) in paragraph at lines 231--235

 []


Underfull \hbox (badness 10000) in paragraph at lines 235--239

 []


Underfull \hbox (badness 10000) in paragraph at lines 250--254

 []

)
File: Images/hcmut.png Graphic file (type png)
<use Images/hcmut.png>
Package pdftex.def Info: Images/hcmut.png  used on input line 39.
(pdftex.def)             Requested size: 28.44864pt x 27.20943pt.


LaTeX Warning: Reference `LastPage' on page 19 undefined on input line 39.

[19] (./generated/vi/3_BlogsPosted_3_1_Blog1.tex
File: Images/hcmut.png Graphic file (type png)
<use Images/hcmut.png>
Package pdftex.def Info: Images/hcmut.png  used on input line 97.
(pdftex.def)             Requested size: 28.44864pt x 27.20943pt.


LaTeX Warning: Reference `LastPage' on page 20 undefined on input line 97.

[20]
Underfull \hbox (badness 5548) in paragraph at lines 141--143
[]\T5/ptm/m/n/10 LangChain. ``Ama-zon Knowl-edge Bases In-te-gra-tions''. ([][]
$[]\T5/cmtt/m/n/10 https : / / python . langchain . com / docs /
 []

) (./generated/vi/3_BlogsPosted_3_2_Blog2.tex
File: Images/hcmut.png Graphic file (type png)
<use Images/hcmut.png>
Package pdftex.def Info: Images/hcmut.png  used on input line 42.
(pdftex.def)             Requested size: 28.44864pt x 27.20943pt.


LaTeX Warning: Reference `LastPage' on page 21 undefined on input line 42.

[21]) (./generated/vi/3_BlogsPosted_3_3_Blog3.tex
File: Images/hcmut.png Graphic file (type png)
<use Images/hcmut.png>
Package pdftex.def Info: Images/hcmut.png  used on input line 96.
(pdftex.def)             Requested size: 28.44864pt x 27.20943pt.


LaTeX Warning: Reference `LastPage' on page 22 undefined on input line 96.

[22])
File: Images/hcmut.png Graphic file (type png)
<use Images/hcmut.png>
Package pdftex.def Info: Images/hcmut.png  used on input line 52.
(pdftex.def)             Requested size: 28.44864pt x 27.20943pt.


LaTeX Warning: Reference `LastPage' on page 23 undefined on input line 52.

[23] (./generated/vi/4_EventParticipated_4_1_Event1.tex
File: Images/hcmut.png Graphic file (type png)
<use Images/hcmut.png>
Package pdftex.def Info: Images/hcmut.png  used on input line 129.
(pdftex.def)             Requested size: 28.44864pt x 27.20943pt.


LaTeX Warning: Reference `LastPage' on page 24 undefined on input line 129.

[24]
File: Images/hcmut.png Graphic file (type png)
<use Images/hcmut.png>
Package pdftex.def Info: Images/hcmut.png  used on input line 236.
(pdftex.def)             Requested size: 28.44864pt x 27.20943pt.


LaTeX Warning: Reference `LastPage' on page 25 undefined on input line 236.

[25]
<../static/images/4-EventParticipated/event1_1.png, id=215, 1413.02907pt x 608.
2725pt>
File: ../static/images/4-EventParticipated/event1_1.png Graphic file (type png)

<use ../static/images/4-EventParticipated/event1_1.png>
Package pdftex.def Info: ../static/images/4-EventParticipated/event1_1.png  use
d on input line 295.
(pdftex.def)             Requested size: 455.24408pt x 195.96915pt.
<../static/images/4-EventParticipated/event1_2.png, id=216, 1438.6247pt x 606.0
1407pt>
File: ../static/images/4-EventParticipated/event1_2.png Graphic file (type png)

<use ../static/images/4-EventParticipated/event1_2.png>
Package pdftex.def Info: ../static/images/4-EventParticipated/event1_2.png  use
d on input line 296.
(pdftex.def)             Requested size: 455.24408pt x 191.76466pt.

Overfull \hbox (15.0pt too wide) in paragraph at lines 295--297
[][]
 []

File: Images/hcmut.png Graphic file (type png)
<use Images/hcmut.png>
Package pdftex.def Info: Images/hcmut.png  used on input line 298.
(pdftex.def)             Requested size: 28.44864pt x 27.20943pt.

LaTeX Warning: Reference `LastPage' on page 26 undefined on input line 298.

[26 <../static/images/4-EventParticipated/event1_1.png>])
(./generated/vi/4_EventParticipated_4_2_Event2.tex
File: Images/hcmut.png Graphic file (type png)
<use Images/hcmut.png>
Package pdftex.def Info: Images/hcmut.png  used on input line 78.
(pdftex.def)             Requested size: 28.44864pt x 27.20943pt.


LaTeX Warning: Reference `LastPage' on page 27 undefined on input line 78.

[27 <../static/images/4-EventParticipated/event1_2.png>]
File: Images/hcmut.png Graphic file (type png)
<use Images/hcmut.png>
Package pdftex.def Info: Images/hcmut.png  used on input line 188.
(pdftex.def)             Requested size: 28.44864pt x 27.20943pt.


LaTeX Warning: Reference `LastPage' on page 28 undefined on input line 188.

[28]
<../static/images/4-EventParticipated/event2_1.jpg, id=232, 1927.2pt x 2569.6pt
>
File: ../static/images/4-EventParticipated/event2_1.jpg Graphic file (type jpg)

<use ../static/images/4-EventParticipated/event2_1.jpg>
Package pdftex.def Info: ../static/images/4-EventParticipated/event2_1.jpg  use
d on input line 218.
(pdftex.def)             Requested size: 455.24408pt x 606.99281pt.
<../static/images/4-EventParticipated/event2_2.jpg, id=233, 2577.63pt x 1933.22
25pt>
File: ../static/images/4-EventParticipated/event2_2.jpg Graphic file (type jpg)

<use ../static/images/4-EventParticipated/event2_2.jpg>
Package pdftex.def Info: ../static/images/4-EventParticipated/event2_2.jpg  use
d on input line 219.
(pdftex.def)             Requested size: 455.24408pt x 341.41635pt.
<../static/images/4-EventParticipated/event2_3.jpg, id=234, 2577.63pt x 1933.22
25pt>
File: ../static/images/4-EventParticipated/event2_3.jpg Graphic file (type jpg)

<use ../static/images/4-EventParticipated/event2_3.jpg>
Package pdftex.def Info: ../static/images/4-EventParticipated/event2_3.jpg  use
d on input line 220.
(pdftex.def)             Requested size: 455.24408pt x 341.41635pt.

Overfull \hbox (15.0pt too wide) in paragraph at lines 218--221
[][]
 []

File: Images/hcmut.png Graphic file (type png)
<use Images/hcmut.png>
Package pdftex.def Info: Images/hcmut.png  used on input line 221.
(pdftex.def)             Requested size: 28.44864pt x 27.20943pt.

LaTeX Warning: Reference `LastPage' on page 29 undefined on input line 221.

[29]
File: Images/hcmut.png Graphic file (type png)
<use Images/hcmut.png>
Package pdftex.def Info: Images/hcmut.png  used on input line 221.
(pdftex.def)             Requested size: 28.44864pt x 27.20943pt.


LaTeX Warning: Reference `LastPage' on page 30 undefined on input line 221.

[30 <../static/images/4-EventParticipated/event2_1.jpg>]
File: Images/hcmut.png Graphic file (type png)
<use Images/hcmut.png>
Package pdftex.def Info: Images/hcmut.png  used on input line 222.
(pdftex.def)             Requested size: 28.44864pt x 27.20943pt.


LaTeX Warning: Reference `LastPage' on page 31 undefined on input line 222.

[31 <../static/images/4-EventParticipated/event2_2.jpg>])
File: Images/hcmut.png Graphic file (type png)
<use Images/hcmut.png>
Package pdftex.def Info: Images/hcmut.png  used on input line 62.
(pdftex.def)             Requested size: 28.44864pt x 27.20943pt.


LaTeX Warning: Reference `LastPage' on page 32 undefined on input line 62.

[32 <../static/images/4-EventParticipated/event2_3.jpg>]
(./generated/vi/5_Workshop_5_1_Aurora_and_RDS.tex)
(./generated/vi/5_Workshop_5_1_Aurora_and_RDS_5_1_1_Step_to_do.tex
<../static/images/5-Workshop/5.1.1-Step-to-do/Aurora-and-RDS.png, id=252, 1283.
29437pt x 766.865pt>
File: ../static/images/5-Workshop/5.1.1-Step-to-do/Aurora-and-RDS.png Graphic f
ile (type png)
<use ../static/images/5-Workshop/5.1.1-Step-to-do/Aurora-and-RDS.png>
Package pdftex.def Info: ../static/images/5-Workshop/5.1.1-Step-to-do/Aurora-an
d-RDS.png  used on input line 46.
(pdftex.def)             Requested size: 455.24408pt x 272.03421pt.
<../static/images/5-Workshop/5.1.1-Step-to-do/Aurora-and-RDS(2).png, id=253, 12
84.29813pt x 700.11563pt>
File: ../static/images/5-Workshop/5.1.1-Step-to-do/Aurora-and-RDS(2).png Graphi
c file (type png)
<use ../static/images/5-Workshop/5.1.1-Step-to-do/Aurora-and-RDS(2).png>
Package pdftex.def Info: ../static/images/5-Workshop/5.1.1-Step-to-do/Aurora-an
d-RDS(2).png  used on input line 75.
(pdftex.def)             Requested size: 455.24408pt x 248.16354pt.
File: Images/hcmut.png Graphic file (type png)
<use Images/hcmut.png>
Package pdftex.def Info: Images/hcmut.png  used on input line 97.
(pdftex.def)             Requested size: 28.44864pt x 27.20943pt.


LaTeX Warning: Reference `LastPage' on page 33 undefined on input line 97.

[33]
File: Images/hcmut.png Graphic file (type png)
<use Images/hcmut.png>
Package pdftex.def Info: Images/hcmut.png  used on input line 97.
(pdftex.def)             Requested size: 28.44864pt x 27.20943pt.


LaTeX Warning: Reference `LastPage' on page 34 undefined on input line 97.

[34 <../static/images/5-Workshop/5.1.1-Step-to-do/Aurora-and-RDS.png> <../stati
c/images/5-Workshop/5.1.1-Step-to-do/Aurora-and-RDS(2).png>]
Overfull \hbox (11.00035pt too wide) in paragraph at lines 107--110
[]\T5/ptm/m/n/10 L�y ^^_�a ch� m�y ch� (\T5/ptm/b/n/10 Endpoint\T5/ptm/m/n/10 )
: \T5/cmtt/m/n/10 healthcare-db.cdu4ym0ac08t.ap-southeast-2.rds.amazonaws.com 
 []


Overfull \hbox (47.38931pt too wide) in paragraph at lines 110--113
\T5/cmtt/m/n/10 curl -o global-bundle.pem https://truststore.pki.rds.amazonaws.
com/global/global-bundle.pem 
 []


! LaTeX Error: Environment Shaded undefined.

See the LaTeX manual or LaTeX Companion for explanation.
Type  H <return>  for immediate help.
 ...                                              
                                                  
l.117 \begin{Shaded}
                    
Your command was ignored.
Type  I <command> <return>  to replace it with another command,
or  <return>  to continue without it.


! LaTeX Error: Environment Highlighting undefined.

See the LaTeX manual or LaTeX Companion for explanation.
Type  H <return>  for immediate help.
 ...                                              
                                                  
l.118 \begin{Highlighting}
                          []
Your command was ignored.
Type  I <command> <return>  to replace it with another command,
or  <return>  to continue without it.

! Undefined control sequence.
l.119 \ExtensionTok
                   {postgresql://}\OperatorTok{\textless{}}\NormalTok{userna...
The control sequence at the end of the top line
of your error message was never \def'ed. If you have
misspelled it (e.g., `\hobx'), type `I' and the correct
spelling (e.g., `I\hbox'). Otherwise just continue,
and I'll forget about whatever was undefined.

! Undefined control sequence.
l.119 \ExtensionTok{postgresql://}\OperatorTok
                                              {\textless{}}\NormalTok{userna...
The control sequence at the end of the top line
of your error message was never \def'ed. If you have
misspelled it (e.g., `\hobx'), type `I' and the correct
spelling (e.g., `I\hbox'). Otherwise just continue,
and I'll forget about whatever was undefined.

! Undefined control sequence.
l.119 ...ql://}\OperatorTok{\textless{}}\NormalTok
                                                  {username}\OperatorTok{\te...
The control sequence at the end of the top line
of your error message was never \def'ed. If you have
misspelled it (e.g., `\hobx'), type `I' and the correct
spelling (e.g., `I\hbox'). Otherwise just continue,
and I'll forget about whatever was undefined.

! Undefined control sequence.
l.119 ...xtless{}}\NormalTok{username}\OperatorTok
                                                  {\textgreater{}}\NormalTok...
The control sequence at the end of the top line
of your error message was never \def'ed. If you have
misspelled it (e.g., `\hobx'), type `I' and the correct
spelling (e.g., `I\hbox'). Otherwise just continue,
and I'll forget about whatever was undefined.

! Undefined control sequence.
l.119 ...me}\OperatorTok{\textgreater{}}\NormalTok
                                                  {:}\OperatorTok{\textless{...
The control sequence at the end of the top line
of your error message was never \def'ed. If you have
misspelled it (e.g., `\hobx'), type `I' and the correct
spelling (e.g., `I\hbox'). Otherwise just continue,
and I'll forget about whatever was undefined.

! Undefined control sequence.
l.119 ...{\textgreater{}}\NormalTok{:}\OperatorTok
                                                  {\textless{}}\NormalTok{pa...
The control sequence at the end of the top line
of your error message was never \def'ed. If you have
misspelled it (e.g., `\hobx'), type `I' and the correct
spelling (e.g., `I\hbox'). Otherwise just continue,
and I'll forget about whatever was undefined.

! Undefined control sequence.
l.119 ...Tok{:}\OperatorTok{\textless{}}\NormalTok
                                                  {password}\OperatorTok{\te...
The control sequence at the end of the top line
of your error message was never \def'ed. If you have
misspelled it (e.g., `\hobx'), type `I' and the correct
spelling (e.g., `I\hbox'). Otherwise just continue,
and I'll forget about whatever was undefined.

! Undefined control sequence.
l.119 ...xtless{}}\NormalTok{password}\OperatorTok
                                                  {\textgreater{}}\NormalTok...
The control sequence at the end of the top line
of your error message was never \def'ed. If you have
misspelled it (e.g., `\hobx'), type `I' and the correct
spelling (e.g., `I\hbox'). Otherwise just continue,
and I'll forget about whatever was undefined.

! Undefined control sequence.
l.119 ...rd}\OperatorTok{\textgreater{}}\NormalTok
                                                  {@healthcare{-}db.cdu4ym0a...
The control sequence at the end of the top line
of your error message was never \def'ed. If you have
misspelled it (e.g., `\hobx'), type `I' and the correct
spelling (e.g., `I\hbox'). Otherwise just continue,
and I'll forget about whatever was undefined.

! Undefined control sequence.
l.119 ...zonaws.com:5432/postgres}\PreprocessorTok
                                                  {?}\NormalTok{sslmode=veri...
The control sequence at the end of the top line
of your error message was never \def'ed. If you have
misspelled it (e.g., `\hobx'), type `I' and the correct
spelling (e.g., `I\hbox'). Otherwise just continue,
and I'll forget about whatever was undefined.

! Undefined control sequence.
l.119 ...32/postgres}\PreprocessorTok{?}\NormalTok
                                                  {sslmode=verify{-}full}\Ke...
The control sequence at the end of the top line
of your error message was never \def'ed. If you have
misspelled it (e.g., `\hobx'), type `I' and the correct
spelling (e.g., `I\hbox'). Otherwise just continue,
and I'll forget about whatever was undefined.

! Undefined control sequence.
l.119 ...rmalTok{sslmode=verify{-}full}\KeywordTok
                                                  {\&}\VariableTok{sslrootce...
The control sequence at the end of the top line
of your error message was never \def'ed. If you have
misspelled it (e.g., `\hobx'), type `I' and the correct
spelling (e.g., `I\hbox'). Otherwise just continue,
and I'll forget about whatever was undefined.

! Undefined control sequence.
l.119 ...verify{-}full}\KeywordTok{\&}\VariableTok
                                                  {sslrootcert}\OperatorTok{...
The control sequence at the end of the top line
of your error message was never \def'ed. If you have
misspelled it (e.g., `\hobx'), type `I' and the correct
spelling (e.g., `I\hbox'). Otherwise just continue,
and I'll forget about whatever was undefined.

! Undefined control sequence.
l.119 ...{\&}\VariableTok{sslrootcert}\OperatorTok
                                                  {=}\NormalTok{global{-}bun...
The control sequence at the end of the top line
of your error message was never \def'ed. If you have
misspelled it (e.g., `\hobx'), type `I' and the correct
spelling (e.g., `I\hbox'). Otherwise just continue,
and I'll forget about whatever was undefined.

! Undefined control sequence.
l.119 ...Tok{sslrootcert}\OperatorTok{=}\NormalTok
                                                  {global{-}bundle.pem}
The control sequence at the end of the top line
of your error message was never \def'ed. If you have
misspelled it (e.g., `\hobx'), type `I' and the correct
spelling (e.g., `I\hbox'). Otherwise just continue,
and I'll forget about whatever was undefined.


! LaTeX Error: \begin{enumerate} on input line 101 ended by \end{Highlighting}.


See the LaTeX manual or LaTeX Companion for explanation.
Type  H <return>  for immediate help.
 ...                                              
                                                  
l.120 \end{Highlighting}
                        
Your command was ignored.
Type  I <command> <return>  to replace it with another command,
or  <return>  to continue without it.


! LaTeX Error: \begin{enumerate} on input line 101 ended by \end{Shaded}.

See the LaTeX manual or LaTeX Companion for explanation.
Type  H <return>  for immediate help.
 ...                                              
                                                  
l.121 \end{Shaded}
                  
Your command was ignored.
Type  I <command> <return>  to replace it with another command,
or  <return>  to continue without it.


Underfull \hbox (badness 10000) in paragraph at lines 118--122
[]\T5/ptm/m/n/10 [] postgresql://<username>:<password>@healthcare-db.cdu4ym0ac0
8t.ap-southeast-
 []


! LaTeX Error: Environment Shaded undefined.

See the LaTeX manual or LaTeX Companion for explanation.
Type  H <return>  for immediate help.
 ...                                              
                                                  
l.132 \begin{Shaded}
                    
Your command was ignored.
Type  I <command> <return>  to replace it with another command,
or  <return>  to continue without it.


! LaTeX Error: Environment Highlighting undefined.

See the LaTeX manual or LaTeX Companion for explanation.
Type  H <return>  for immediate help.
 ...                                              
                                                  
l.133 \begin{Highlighting}
                          []
Your command was ignored.
Type  I <command> <return>  to replace it with another command,
or  <return>  to continue without it.

! Undefined control sequence.
l.134 \VariableTok
                  {DATABASE\_URL}\OperatorTok{=}\StringTok{"postgresql://\te...
The control sequence at the end of the top line
of your error message was never \def'ed. If you have
misspelled it (e.g., `\hobx'), type `I' and the correct
spelling (e.g., `I\hbox'). Otherwise just continue,
and I'll forget about whatever was undefined.

! Undefined control sequence.
l.134 \VariableTok{DATABASE\_URL}\OperatorTok
                                             {=}\StringTok{"postgresql://\te...
The control sequence at the end of the top line
of your error message was never \def'ed. If you have
misspelled it (e.g., `\hobx'), type `I' and the correct
spelling (e.g., `I\hbox'). Otherwise just continue,
and I'll forget about whatever was undefined.

! Undefined control sequence.
l.134 ...k{DATABASE\_URL}\OperatorTok{=}\StringTok
                                                  {"postgresql://\textless{}...
The control sequence at the end of the top line
of your error message was never \def'ed. If you have
misspelled it (e.g., `\hobx'), type `I' and the correct
spelling (e.g., `I\hbox'). Otherwise just continue,
and I'll forget about whatever was undefined.


! LaTeX Error: \begin{enumerate} on input line 126 ended by \end{Highlighting}.


See the LaTeX manual or LaTeX Companion for explanation.
Type  H <return>  for immediate help.
 ...                                              
                                                  
l.135 \end{Highlighting}
                        
Your command was ignored.
Type  I <command> <return>  to replace it with another command,
or  <return>  to continue without it.


! LaTeX Error: \begin{enumerate} on input line 126 ended by \end{Shaded}.

See the LaTeX manual or LaTeX Companion for explanation.
Type  H <return>  for immediate help.
 ...                                              
                                                  
l.136 \end{Shaded}
                  
Your command was ignored.
Type  I <command> <return>  to replace it with another command,
or  <return>  to continue without it.


Underfull \hbox (badness 1748) in paragraph at lines 133--138
[]\T5/ptm/m/n/10 [] DATABASE_URL="postgresql://<username>:<password>@healthcare
-db.cdu4ym0ac08t.ap-southeast-
 []


! LaTeX Error: Environment Shaded undefined.

See the LaTeX manual or LaTeX Companion for explanation.
Type  H <return>  for immediate help.
 ...                                              
                                                  
l.141 \begin{Shaded}
                    
Your command was ignored.
Type  I <command> <return>  to replace it with another command,
or  <return>  to continue without it.


! LaTeX Error: Environment Highlighting undefined.

See the LaTeX manual or LaTeX Companion for explanation.
Type  H <return>  for immediate help.
 ...                                              
                                                  
l.142 \begin{Highlighting}
                          []
Your command was ignored.
Type  I <command> <return>  to replace it with another command,
or  <return>  to continue without it.

! Undefined control sequence.
l.143 \ExtensionTok
                   {npx}\NormalTok{ prisma db push}
The control sequence at the end of the top line
of your error message was never \def'ed. If you have
misspelled it (e.g., `\hobx'), type `I' and the correct
spelling (e.g., `I\hbox'). Otherwise just continue,
and I'll forget about whatever was undefined.

! Undefined control sequence.
l.143 \ExtensionTok{npx}\NormalTok
                                  { prisma db push}
The control sequence at the end of the top line
of your error message was never \def'ed. If you have
misspelled it (e.g., `\hobx'), type `I' and the correct
spelling (e.g., `I\hbox'). Otherwise just continue,
and I'll forget about whatever was undefined.

! Undefined control sequence.
l.144 \CommentTok
                 {\# Hoặc dùng cho sản xuất:}
The control sequence at the end of the top line
of your error message was never \def'ed. If you have
misspelled it (e.g., `\hobx'), type `I' and the correct
spelling (e.g., `I\hbox'). Otherwise just continue,
and I'll forget about whatever was undefined.

! Undefined control sequence.
l.145 \ExtensionTok
                   {npx}\NormalTok{ prisma migrate deploy}
The control sequence at the end of the top line
of your error message was never \def'ed. If you have
misspelled it (e.g., `\hobx'), type `I' and the correct
spelling (e.g., `I\hbox'). Otherwise just continue,
and I'll forget about whatever was undefined.

! Undefined control sequence.
l.145 \ExtensionTok{npx}\NormalTok
                                  { prisma migrate deploy}
The control sequence at the end of the top line
of your error message was never \def'ed. If you have
misspelled it (e.g., `\hobx'), type `I' and the correct
spelling (e.g., `I\hbox'). Otherwise just continue,
and I'll forget about whatever was undefined.


! LaTeX Error: \begin{enumerate} on input line 126 ended by \end{Highlighting}.


See the LaTeX manual or LaTeX Companion for explanation.
Type  H <return>  for immediate help.
 ...                                              
                                                  
l.146 \end{Highlighting}
                        
Your command was ignored.
Type  I <command> <return>  to replace it with another command,
or  <return>  to continue without it.


! LaTeX Error: \begin{enumerate} on input line 126 ended by \end{Shaded}.

See the LaTeX manual or LaTeX Companion for explanation.
Type  H <return>  for immediate help.
 ...                                              
                                                  
l.147 \end{Shaded}
                  
Your command was ignored.
Type  I <command> <return>  to replace it with another command,
or  <return>  to continue without it.

) (./generated/vi/5_Workshop_5_2_Cognito.tex)
(./generated/vi/5_Workshop_5_2_Cognito_5_2_1_Step_to_do.tex
File: Images/hcmut.png Graphic file (type png)
<use Images/hcmut.png>
Package pdftex.def Info: Images/hcmut.png  used on input line 7.
(pdftex.def)             Requested size: 28.44864pt x 27.20943pt.


LaTeX Warning: Reference `LastPage' on page 35 undefined on input line 7.

[35]
<../static/images/5-Workshop/5.2.1-Step-to-do/Cognito.png, id=285, 1284.29813pt
 x 736.7525pt>
File: ../static/images/5-Workshop/5.2.1-Step-to-do/Cognito.png Graphic file (ty
pe png)
<use ../static/images/5-Workshop/5.2.1-Step-to-do/Cognito.png>
Package pdftex.def Info: ../static/images/5-Workshop/5.2.1-Step-to-do/Cognito.p
ng  used on input line 28.
(pdftex.def)             Requested size: 455.24408pt x 261.14987pt.
File: ../static/images/5-Workshop/5.2.1-Step-to-do/Cognito.png Graphic file (ty
pe png)
<use ../static/images/5-Workshop/5.2.1-Step-to-do/Cognito.png>
Package pdftex.def Info: ../static/images/5-Workshop/5.2.1-Step-to-do/Cognito.p
ng  used on input line 79.
(pdftex.def)             Requested size: 455.24408pt x 261.14987pt.
File: Images/hcmut.png Graphic file (type png)
<use Images/hcmut.png>
Package pdftex.def Info: Images/hcmut.png  used on input line 101.
(pdftex.def)             Requested size: 28.44864pt x 27.20943pt.


LaTeX Warning: Reference `LastPage' on page 36 undefined on input line 101.

[36 <../static/images/5-Workshop/5.2.1-Step-to-do/Cognito.png>]

! LaTeX Error: Environment Shaded undefined.

See the LaTeX manual or LaTeX Companion for explanation.
Type  H <return>  for immediate help.
 ...                                              
                                                  
l.139 \begin{Shaded}
                    
Your command was ignored.
Type  I <command> <return>  to replace it with another command,
or  <return>  to continue without it.


! LaTeX Error: Environment Highlighting undefined.

See the LaTeX manual or LaTeX Companion for explanation.
Type  H <return>  for immediate help.
 ...                                              
                                                  
l.140 \begin{Highlighting}
                          []
Your command was ignored.
Type  I <command> <return>  to replace it with another command,
or  <return>  to continue without it.

! Undefined control sequence.
l.141 \ExtensionTok
                   {https://cognito{-}idp.}\OperatorTok{\textless{}}\NormalT...
The control sequence at the end of the top line
of your error message was never \def'ed. If you have
misspelled it (e.g., `\hobx'), type `I' and the correct
spelling (e.g., `I\hbox'). Otherwise just continue,
and I'll forget about whatever was undefined.

! Undefined control sequence.
l.141 ...onTok{https://cognito{-}idp.}\OperatorTok
                                                  {\textless{}}\NormalTok{re...
The control sequence at the end of the top line
of your error message was never \def'ed. If you have
misspelled it (e.g., `\hobx'), type `I' and the correct
spelling (e.g., `I\hbox'). Otherwise just continue,
and I'll forget about whatever was undefined.

! Undefined control sequence.
l.141 ...}idp.}\OperatorTok{\textless{}}\NormalTok
                                                  {region}\OperatorTok{\text...
The control sequence at the end of the top line
of your error message was never \def'ed. If you have
misspelled it (e.g., `\hobx'), type `I' and the correct
spelling (e.g., `I\hbox'). Otherwise just continue,
and I'll forget about whatever was undefined.

! Undefined control sequence.
l.141 ...textless{}}\NormalTok{region}\OperatorTok
                                                  {\textgreater{}}\NormalTok...
The control sequence at the end of the top line
of your error message was never \def'ed. If you have
misspelled it (e.g., `\hobx'), type `I' and the correct
spelling (e.g., `I\hbox'). Otherwise just continue,
and I'll forget about whatever was undefined.

! Undefined control sequence.
l.141 ...on}\OperatorTok{\textgreater{}}\NormalTok
                                                  {.amazonaws.com/}\Operator...
The control sequence at the end of the top line
of your error message was never \def'ed. If you have
misspelled it (e.g., `\hobx'), type `I' and the correct
spelling (e.g., `I\hbox'). Otherwise just continue,
and I'll forget about whatever was undefined.

! Undefined control sequence.
l.141 ...}}\NormalTok{.amazonaws.com/}\OperatorTok
                                                  {\textless{}}\NormalTok{us...
The control sequence at the end of the top line
of your error message was never \def'ed. If you have
misspelled it (e.g., `\hobx'), type `I' and the correct
spelling (e.g., `I\hbox'). Otherwise just continue,
and I'll forget about whatever was undefined.

! Undefined control sequence.
l.141 ....com/}\OperatorTok{\textless{}}\NormalTok
                                                  {user{-}pool{-}id}\Operato...
The control sequence at the end of the top line
of your error message was never \def'ed. If you have
misspelled it (e.g., `\hobx'), type `I' and the correct
spelling (e.g., `I\hbox'). Otherwise just continue,
and I'll forget about whatever was undefined.

! Undefined control sequence.
l.141 ...}\NormalTok{user{-}pool{-}id}\OperatorTok
                                                  {\textgreater{}}\NormalTok...
The control sequence at the end of the top line
of your error message was never \def'ed. If you have
misspelled it (e.g., `\hobx'), type `I' and the correct
spelling (e.g., `I\hbox'). Otherwise just continue,
and I'll forget about whatever was undefined.

! Undefined control sequence.
l.141 ...id}\OperatorTok{\textgreater{}}\NormalTok
                                                  {/.well{-}known/jwks.json}
The control sequence at the end of the top line
of your error message was never \def'ed. If you have
misspelled it (e.g., `\hobx'), type `I' and the correct
spelling (e.g., `I\hbox'). Otherwise just continue,
and I'll forget about whatever was undefined.


! LaTeX Error: \begin{enumerate} on input line 134 ended by \end{Highlighting}.


See the LaTeX manual or LaTeX Companion for explanation.
Type  H <return>  for immediate help.
 ...                                              
                                                  
l.142 \end{Highlighting}
                        
Your command was ignored.
Type  I <command> <return>  to replace it with another command,
or  <return>  to continue without it.


! LaTeX Error: \begin{enumerate} on input line 134 ended by \end{Shaded}.

See the LaTeX manual or LaTeX Companion for explanation.
Type  H <return>  for immediate help.
 ...                                              
                                                  
l.143 \end{Shaded}
                  
Your command was ignored.
Type  I <command> <return>  to replace it with another command,
or  <return>  to continue without it.


! LaTeX Error: Environment Shaded undefined.

See the LaTeX manual or LaTeX Companion for explanation.
Type  H <return>  for immediate help.
 ...                                              
                                                  
l.148 \begin{Shaded}
                    
Your command was ignored.
Type  I <command> <return>  to replace it with another command,
or  <return>  to continue without it.


! LaTeX Error: Environment Highlighting undefined.

See the LaTeX manual or LaTeX Companion for explanation.
Type  H <return>  for immediate help.
 ...                                              
                                                  
l.149 \begin{Highlighting}
                          []
Your command was ignored.
Type  I <command> <return>  to replace it with another command,
or  <return>  to continue without it.

! Undefined control sequence.
l.150 \ExtensionTok
                   {//}\NormalTok{ Minh họa cấu hình JwtStrategy kết ...
The control sequence at the end of the top line
of your error message was never \def'ed. If you have
misspelled it (e.g., `\hobx'), type `I' and the correct
spelling (e.g., `I\hbox'). Otherwise just continue,
and I'll forget about whatever was undefined.

! Undefined control sequence.
l.150 \ExtensionTok{//}\NormalTok
                                 { Minh họa cấu hình JwtStrategy kết ...
The control sequence at the end of the top line
of your error message was never \def'ed. If you have
misspelled it (e.g., `\hobx'), type `I' and the correct
spelling (e.g., `I\hbox'). Otherwise just continue,
and I'll forget about whatever was undefined.

! Undefined control sequence.
l.151 \ExtensionTok
                   {passportJwt.Strategy}\ErrorTok{(}\KeywordTok{\{}
The control sequence at the end of the top line
of your error message was never \def'ed. If you have
misspelled it (e.g., `\hobx'), type `I' and the correct
spelling (e.g., `I\hbox'). Otherwise just continue,
and I'll forget about whatever was undefined.

! Undefined control sequence.
l.151 \ExtensionTok{passportJwt.Strategy}\ErrorTok
                                                  {(}\KeywordTok{\{}
The control sequence at the end of the top line
of your error message was never \def'ed. If you have
misspelled it (e.g., `\hobx'), type `I' and the correct
spelling (e.g., `I\hbox'). Otherwise just continue,
and I'll forget about whatever was undefined.

! Undefined control sequence.
l.151 ...sportJwt.Strategy}\ErrorTok{(}\KeywordTok
                                                  {\{}
The control sequence at the end of the top line
of your error message was never \def'ed. If you have
misspelled it (e.g., `\hobx'), type `I' and the correct
spelling (e.g., `I\hbox'). Otherwise just continue,
and I'll forget about whatever was undefined.

! Undefined control sequence.
l.152     \ExtensionTok
                       {jwtFromRequest:}\NormalTok{ ExtractJwt.fromAuthHeade...
The control sequence at the end of the top line
of your error message was never \def'ed. If you have
misspelled it (e.g., `\hobx'), type `I' and the correct
spelling (e.g., `I\hbox'). Otherwise just continue,
and I'll forget about whatever was undefined.

! Undefined control sequence.
l.152     \ExtensionTok{jwtFromRequest:}\NormalTok
                                                  { ExtractJwt.fromAuthHeade...
The control sequence at the end of the top line
of your error message was never \def'ed. If you have
misspelled it (e.g., `\hobx'), type `I' and the correct
spelling (e.g., `I\hbox'). Otherwise just continue,
and I'll forget about whatever was undefined.

! Undefined control sequence.
l.152 ...Jwt.fromAuthHeaderAsBearerToken}\ErrorTok
                                                  {(}\KeywordTok{)}\Extensio...
The control sequence at the end of the top line
of your error message was never \def'ed. If you have
misspelled it (e.g., `\hobx'), type `I' and the correct
spelling (e.g., `I\hbox'). Otherwise just continue,
and I'll forget about whatever was undefined.

! Undefined control sequence.
l.152 ...aderAsBearerToken}\ErrorTok{(}\KeywordTok
                                                  {)}\ExtensionTok{,}
The control sequence at the end of the top line
of your error message was never \def'ed. If you have
misspelled it (e.g., `\hobx'), type `I' and the correct
spelling (e.g., `I\hbox'). Otherwise just continue,
and I'll forget about whatever was undefined.

! Undefined control sequence.
l.152 ...n}\ErrorTok{(}\KeywordTok{)}\ExtensionTok
                                                  {,}
The control sequence at the end of the top line
of your error message was never \def'ed. If you have
misspelled it (e.g., `\hobx'), type `I' and the correct
spelling (e.g., `I\hbox'). Otherwise just continue,
and I'll forget about whatever was undefined.

! Undefined control sequence.
l.153     \ExtensionTok
                       {secretOrKeyProvider:}\NormalTok{ jwksRsa.passportJwt...
The control sequence at the end of the top line
of your error message was never \def'ed. If you have
misspelled it (e.g., `\hobx'), type `I' and the correct
spelling (e.g., `I\hbox'). Otherwise just continue,
and I'll forget about whatever was undefined.

! Undefined control sequence.
l.153 ...ensionTok{secretOrKeyProvider:}\NormalTok
                                                  { jwksRsa.passportJwtSecre...
The control sequence at the end of the top line
of your error message was never \def'ed. If you have
misspelled it (e.g., `\hobx'), type `I' and the correct
spelling (e.g., `I\hbox'). Otherwise just continue,
and I'll forget about whatever was undefined.

! Undefined control sequence.
l.153 ...lTok{ jwksRsa.passportJwtSecret}\ErrorTok
                                                  {(}\KeywordTok{\{}
The control sequence at the end of the top line
of your error message was never \def'ed. If you have
misspelled it (e.g., `\hobx'), type `I' and the correct
spelling (e.g., `I\hbox'). Otherwise just continue,
and I'll forget about whatever was undefined.

! Undefined control sequence.
l.153 ...passportJwtSecret}\ErrorTok{(}\KeywordTok
                                                  {\{}
The control sequence at the end of the top line
of your error message was never \def'ed. If you have
misspelled it (e.g., `\hobx'), type `I' and the correct
spelling (e.g., `I\hbox'). Otherwise just continue,
and I'll forget about whatever was undefined.

! Undefined control sequence.
l.154         \ExtensionTok
                           {jwksUri:} \KeywordTok{\textasciigrave{}}\Extensi...
The control sequence at the end of the top line
of your error message was never \def'ed. If you have
misspelled it (e.g., `\hobx'), type `I' and the correct
spelling (e.g., `I\hbox'). Otherwise just continue,
and I'll forget about whatever was undefined.

! Undefined control sequence.
l.154         \ExtensionTok{jwksUri:} \KeywordTok
                                                 {\textasciigrave{}}\Extensi...
The control sequence at the end of the top line
of your error message was never \def'ed. If you have
misspelled it (e.g., `\hobx'), type `I' and the correct
spelling (e.g., `I\hbox'). Otherwise just continue,
and I'll forget about whatever was undefined.

LaTeX Info: Symbol \textasciigrave not provided by
            font family ptm in TS1 encoding.
            Default family used instead on input line 154.
! Undefined control sequence.
l.154 ...eywordTok{\textasciigrave{}}\ExtensionTok
                                                  {https://cognito{-}idp.ap{...
The control sequence at the end of the top line
of your error message was never \def'ed. If you have
misspelled it (e.g., `\hobx'), type `I' and the correct
spelling (e.g., `I\hbox'). Otherwise just continue,
and I'll forget about whatever was undefined.

! Undefined control sequence.
l.154 ...xxxxx/.well{-}known/jwks.json}\KeywordTok
                                                  {\textasciigrave{}}\Normal...
The control sequence at the end of the top line
of your error message was never \def'ed. If you have
misspelled it (e.g., `\hobx'), type `I' and the correct
spelling (e.g., `I\hbox'). Otherwise just continue,
and I'll forget about whatever was undefined.

LaTeX Info: Symbol \textasciigrave not provided by
            font family ptm in TS1 encoding.
            Default family used instead on input line 154.
! Undefined control sequence.
l.154 ...}\KeywordTok{\textasciigrave{}}\NormalTok
                                                  {,}
The control sequence at the end of the top line
of your error message was never \def'ed. If you have
misspelled it (e.g., `\hobx'), type `I' and the correct
spelling (e.g., `I\hbox'). Otherwise just continue,
and I'll forget about whatever was undefined.

! Undefined control sequence.
l.155     \KeywordTok
                     {\})}\ExtensionTok{,}
The control sequence at the end of the top line
of your error message was never \def'ed. If you have
misspelled it (e.g., `\hobx'), type `I' and the correct
spelling (e.g., `I\hbox'). Otherwise just continue,
and I'll forget about whatever was undefined.

! Undefined control sequence.
l.155     \KeywordTok{\})}\ExtensionTok
                                       {,}
The control sequence at the end of the top line
of your error message was never \def'ed. If you have
misspelled it (e.g., `\hobx'), type `I' and the correct
spelling (e.g., `I\hbox'). Otherwise just continue,
and I'll forget about whatever was undefined.

! Undefined control sequence.
l.156     \ExtensionTok
                       {algorithms:} \PreprocessorTok{[}\StringTok{\textquot...
The control sequence at the end of the top line
of your error message was never \def'ed. If you have
misspelled it (e.g., `\hobx'), type `I' and the correct
spelling (e.g., `I\hbox'). Otherwise just continue,
and I'll forget about whatever was undefined.

! Undefined control sequence.
l.156 ...xtensionTok{algorithms:} \PreprocessorTok
                                                  {[}\StringTok{\textquotesi...
The control sequence at the end of the top line
of your error message was never \def'ed. If you have
misspelled it (e.g., `\hobx'), type `I' and the correct
spelling (e.g., `I\hbox'). Otherwise just continue,
and I'll forget about whatever was undefined.

! Undefined control sequence.
l.156 ...lgorithms:} \PreprocessorTok{[}\StringTok
                                                  {\textquotesingle{}RS256\t...
The control sequence at the end of the top line
of your error message was never \def'ed. If you have
misspelled it (e.g., `\hobx'), type `I' and the correct
spelling (e.g., `I\hbox'). Otherwise just continue,
and I'll forget about whatever was undefined.

! Undefined control sequence.
l.156 ...}RS256\textquotesingle{}}\PreprocessorTok
                                                  {]}\NormalTok{,}
The control sequence at the end of the top line
of your error message was never \def'ed. If you have
misspelled it (e.g., `\hobx'), type `I' and the correct
spelling (e.g., `I\hbox'). Otherwise just continue,
and I'll forget about whatever was undefined.

! Undefined control sequence.
l.156 ...otesingle{}}\PreprocessorTok{]}\NormalTok
                                                  {,}
The control sequence at the end of the top line
of your error message was never \def'ed. If you have
misspelled it (e.g., `\hobx'), type `I' and the correct
spelling (e.g., `I\hbox'). Otherwise just continue,
and I'll forget about whatever was undefined.

! Undefined control sequence.
l.157 \KeywordTok
                 {\});}
The control sequence at the end of the top line
of your error message was never \def'ed. If you have
misspelled it (e.g., `\hobx'), type `I' and the correct
spelling (e.g., `I\hbox'). Otherwise just continue,
and I'll forget about whatever was undefined.


! LaTeX Error: \begin{enumerate} on input line 134 ended by \end{Highlighting}.


See the LaTeX manual or LaTeX Companion for explanation.
Type  H <return>  for immediate help.
 ...                                              
                                                  
l.158 \end{Highlighting}
                        
Your command was ignored.
Type  I <command> <return>  to replace it with another command,
or  <return>  to continue without it.


! LaTeX Error: \begin{enumerate} on input line 134 ended by \end{Shaded}.

See the LaTeX manual or LaTeX Companion for explanation.
Type  H <return>  for immediate help.
 ...                                              
                                                  
l.159 \end{Shaded}
                  
Your command was ignored.
Type  I <command> <return>  to replace it with another command,
or  <return>  to continue without it.

) (./generated/vi/5_Workshop_5_3_medflow_ai.tex
File: Images/hcmut.png Graphic file (type png)
<use Images/hcmut.png>
Package pdftex.def Info: Images/hcmut.png  used on input line 1.
(pdftex.def)             Requested size: 28.44864pt x 27.20943pt.


LaTeX Warning: Reference `LastPage' on page 37 undefined on input line 1.

[37]
LaTeX Font Info:    Font shape `T5/cmtt/bx/n' in size <10> not available
(Font)              Font shape `T5/cmtt/m/n' tried instead on input line 3.


! LaTeX Error: Environment Shaded undefined.

See the LaTeX manual or LaTeX Companion for explanation.
Type  H <return>  for immediate help.
 ...                                              
                                                  
l.9 \begin{Shaded}
                  
Your command was ignored.
Type  I <command> <return>  to replace it with another command,
or  <return>  to continue without it.


! LaTeX Error: Environment Highlighting undefined.

See the LaTeX manual or LaTeX Companion for explanation.
Type  H <return>  for immediate help.
 ...                                              
                                                  
l.10 \begin{Highlighting}
                         []
Your command was ignored.
Type  I <command> <return>  to replace it with another command,
or  <return>  to continue without it.

! Undefined control sequence.
l.11 \NormalTok
               {                  [ Khách hàng / Bệnh nhân ]}
The control sequence at the end of the top line
of your error message was never \def'ed. If you have
misspelled it (e.g., `\hobx'), type `I' and the correct
spelling (e.g., `I\hbox'). Otherwise just continue,
and I'll forget about whatever was undefined.

! Undefined control sequence.
l.12 \NormalTok
               {                              │}
The control sequence at the end of the top line
of your error message was never \def'ed. If you have
misspelled it (e.g., `\hobx'), type `I' and the correct
spelling (e.g., `I\hbox'). Otherwise just continue,
and I'll forget about whatever was undefined.


! LaTeX Error: Unicode character │ (U+2502)
               not set up for use with LaTeX.

See the LaTeX manual or LaTeX Companion for explanation.
Type  H <return>  for immediate help.
 ...                                              
                                                  
l.12 \NormalTok{                              │
                                                 }
You may provide a definition with
\DeclareUnicodeCharacter 

! Undefined control sequence.
l.13 \NormalTok
               {                              ▼}
The control sequence at the end of the top line
of your error message was never \def'ed. If you have
misspelled it (e.g., `\hobx'), type `I' and the correct
spelling (e.g., `I\hbox'). Otherwise just continue,
and I'll forget about whatever was undefined.


! LaTeX Error: Unicode character ▼ (U+25BC)
               not set up for use with LaTeX.

See the LaTeX manual or LaTeX Companion for explanation.
Type  H <return>  for immediate help.
 ...                                              
                                                  
l.13 \NormalTok{                              ▼
                                                 }
You may provide a definition with
\DeclareUnicodeCharacter 

! Undefined control sequence.
l.14 \NormalTok
               {                [ Trích xuất thực thể y khoa ]}
The control sequence at the end of the top line
of your error message was never \def'ed. If you have
misspelled it (e.g., `\hobx'), type `I' and the correct
spelling (e.g., `I\hbox'). Otherwise just continue,
and I'll forget about whatever was undefined.

! Undefined control sequence.
l.15 \NormalTok
               {                    (Local ViMQ NER Model)}
The control sequence at the end of the top line
of your error message was never \def'ed. If you have
misspelled it (e.g., `\hobx'), type `I' and the correct
spelling (e.g., `I\hbox'). Otherwise just continue,
and I'll forget about whatever was undefined.

! Undefined control sequence.
l.16 \NormalTok
               {                              │}
The control sequence at the end of the top line
of your error message was never \def'ed. If you have
misspelled it (e.g., `\hobx'), type `I' and the correct
spelling (e.g., `I\hbox'). Otherwise just continue,
and I'll forget about whatever was undefined.


! LaTeX Error: Unicode character │ (U+2502)
               not set up for use with LaTeX.

See the LaTeX manual or LaTeX Companion for explanation.
Type  H <return>  for immediate help.
 ...                                              
                                                  
l.16 \NormalTok{                              │
                                                 }
You may provide a definition with
\DeclareUnicodeCharacter 

! Undefined control sequence.
l.17 \NormalTok
               {                              ▼}
The control sequence at the end of the top line
of your error message was never \def'ed. If you have
misspelled it (e.g., `\hobx'), type `I' and the correct
spelling (e.g., `I\hbox'). Otherwise just continue,
and I'll forget about whatever was undefined.


! LaTeX Error: Unicode character ▼ (U+25BC)
               not set up for use with LaTeX.

See the LaTeX manual or LaTeX Companion for explanation.
Type  H <return>  for immediate help.
 ...                                              
                                                  
l.17 \NormalTok{                              ▼
                                                 }
You may provide a definition with
\DeclareUnicodeCharacter 

! Undefined control sequence.
l.18 \NormalTok
               {                  [ Định tuyến ý định LLM ]}
The control sequence at the end of the top line
of your error message was never \def'ed. If you have
misspelled it (e.g., `\hobx'), type `I' and the correct
spelling (e.g., `I\hbox'). Otherwise just continue,
and I'll forget about whatever was undefined.

! Undefined control sequence.
l.19 \NormalTok
               {                    (LLM Intent Router)}
The control sequence at the end of the top line
of your error message was never \def'ed. If you have
misspelled it (e.g., `\hobx'), type `I' and the correct
spelling (e.g., `I\hbox'). Otherwise just continue,
and I'll forget about whatever was undefined.

! Undefined control sequence.
l.20 \NormalTok
               {                              │}
The control sequence at the end of the top line
of your error message was never \def'ed. If you have
misspelled it (e.g., `\hobx'), type `I' and the correct
spelling (e.g., `I\hbox'). Otherwise just continue,
and I'll forget about whatever was undefined.


! LaTeX Error: Unicode character │ (U+2502)
               not set up for use with LaTeX.

See the LaTeX manual or LaTeX Companion for explanation.
Type  H <return>  for immediate help.
 ...                                              
                                                  
l.20 \NormalTok{                              │
                                                 }
You may provide a definition with
\DeclareUnicodeCharacter 

! Undefined control sequence.
l.21 \NormalTok
               {                              ▼}
The control sequence at the end of the top line
of your error message was never \def'ed. If you have
misspelled it (e.g., `\hobx'), type `I' and the correct
spelling (e.g., `I\hbox'). Otherwise just continue,
and I'll forget about whatever was undefined.


! LaTeX Error: Unicode character ▼ (U+25BC)
               not set up for use with LaTeX.

See the LaTeX manual or LaTeX Companion for explanation.
Type  H <return>  for immediate help.
 ...                                              
                                                  
l.21 \NormalTok{                              ▼
                                                 }
You may provide a definition with
\DeclareUnicodeCharacter 

! Undefined control sequence.
l.22 \NormalTok
               {              [ Truy xuất tri thức y khoa RAG ]}
The control sequence at the end of the top line
of your error message was never \def'ed. If you have
misspelled it (e.g., `\hobx'), type `I' and the correct
spelling (e.g., `I\hbox'). Otherwise just continue,
and I'll forget about whatever was undefined.

! Undefined control sequence.
l.23 \NormalTok
               {                (AWS Bedrock Knowledge Base)}
The control sequence at the end of the top line
of your error message was never \def'ed. If you have
misspelled it (e.g., `\hobx'), type `I' and the correct
spelling (e.g., `I\hbox'). Otherwise just continue,
and I'll forget about whatever was undefined.

! Undefined control sequence.
l.24 \NormalTok
               {                              │}
The control sequence at the end of the top line
of your error message was never \def'ed. If you have
misspelled it (e.g., `\hobx'), type `I' and the correct
spelling (e.g., `I\hbox'). Otherwise just continue,
and I'll forget about whatever was undefined.


! LaTeX Error: Unicode character │ (U+2502)
               not set up for use with LaTeX.

See the LaTeX manual or LaTeX Companion for explanation.
Type  H <return>  for immediate help.
 ...                                              
                                                  
l.24 \NormalTok{                              │
                                                 }
You may provide a definition with
\DeclareUnicodeCharacter 

! Undefined control sequence.
l.25 \NormalTok
               {                              ▼}
The control sequence at the end of the top line
of your error message was never \def'ed. If you have
misspelled it (e.g., `\hobx'), type `I' and the correct
spelling (e.g., `I\hbox'). Otherwise just continue,
and I'll forget about whatever was undefined.


! LaTeX Error: Unicode character ▼ (U+25BC)
               not set up for use with LaTeX.

See the LaTeX manual or LaTeX Companion for explanation.
Type  H <return>  for immediate help.
 ...                                              
                                                  
l.25 \NormalTok{                              ▼
                                                 }
You may provide a definition with
\DeclareUnicodeCharacter 

! Undefined control sequence.
l.26 \NormalTok
               {                [ Tổng hợp phản hồi lâm sàng ]}
The control sequence at the end of the top line
of your error message was never \def'ed. If you have
misspelled it (e.g., `\hobx'), type `I' and the correct
spelling (e.g., `I\hbox'). Otherwise just continue,
and I'll forget about whatever was undefined.

! Undefined control sequence.
l.27 \NormalTok
               {                    (GPT{-}4o{-}mini Engine)}
The control sequence at the end of the top line
of your error message was never \def'ed. If you have
misspelled it (e.g., `\hobx'), type `I' and the correct
spelling (e.g., `I\hbox'). Otherwise just continue,
and I'll forget about whatever was undefined.

! Undefined control sequence.
l.28 \NormalTok
               {                              │}
The control sequence at the end of the top line
of your error message was never \def'ed. If you have
misspelled it (e.g., `\hobx'), type `I' and the correct
spelling (e.g., `I\hbox'). Otherwise just continue,
and I'll forget about whatever was undefined.


! LaTeX Error: Unicode character │ (U+2502)
               not set up for use with LaTeX.

See the LaTeX manual or LaTeX Companion for explanation.
Type  H <return>  for immediate help.
 ...                                              
                                                  
l.28 \NormalTok{                              │
                                                 }
You may provide a definition with
\DeclareUnicodeCharacter 

! Undefined control sequence.
l.29 \NormalTok
               {              ┌──────────────�...
The control sequence at the end of the top line
of your error message was never \def'ed. If you have
misspelled it (e.g., `\hobx'), type `I' and the correct
spelling (e.g., `I\hbox'). Otherwise just continue,
and I'll forget about whatever was undefined.


! LaTeX Error: Unicode character ┌ (U+250C)
               not set up for use with LaTeX.

See the LaTeX manual or LaTeX Companion for explanation.
Type  H <return>  for immediate help.
 ...                                              
                                                  
l.29 \NormalTok{              ┌
                                 ──────────────�...

You may provide a definition with
\DeclareUnicodeCharacter 


! LaTeX Error: Unicode character ─ (U+2500)
               not set up for use with LaTeX.

See the LaTeX manual or LaTeX Companion for explanation.
Type  H <return>  for immediate help.
 ...                                              
                                                  
l.29 \NormalTok{              ┌─
                                    ─────────────�...

You may provide a definition with
\DeclareUnicodeCharacter 


! LaTeX Error: Unicode character ─ (U+2500)
               not set up for use with LaTeX.

See the LaTeX manual or LaTeX Companion for explanation.
Type  H <return>  for immediate help.
 ...                                              
                                                  
l.29 \NormalTok{              ┌──
                                       ────────────�...

You may provide a definition with
\DeclareUnicodeCharacter 


! LaTeX Error: Unicode character ─ (U+2500)
               not set up for use with LaTeX.

See the LaTeX manual or LaTeX Companion for explanation.
Type  H <return>  for immediate help.
 ...                                              
                                                  
l.29 \NormalTok{              ┌───
                                          ───────────�...

You may provide a definition with
\DeclareUnicodeCharacter 


! LaTeX Error: Unicode character ─ (U+2500)
               not set up for use with LaTeX.

See the LaTeX manual or LaTeX Companion for explanation.
Type  H <return>  for immediate help.
 ...                                              
                                                  
l.29 \NormalTok{              ┌────
                                             ──────────�...

You may provide a definition with
\DeclareUnicodeCharacter 


! LaTeX Error: Unicode character ─ (U+2500)
               not set up for use with LaTeX.

See the LaTeX manual or LaTeX Companion for explanation.
Type  H <return>  for immediate help.
 ...                                              
                                                  
l.29 \NormalTok{              ┌─────
                                                ─────────�...

You may provide a definition with
\DeclareUnicodeCharacter 


! LaTeX Error: Unicode character ─ (U+2500)
               not set up for use with LaTeX.

See the LaTeX manual or LaTeX Companion for explanation.
Type  H <return>  for immediate help.
 ...                                              
                                                  
l.29 ...malTok{              ┌──────
                                                  ────────�...

You may provide a definition with
\DeclareUnicodeCharacter 


! LaTeX Error: Unicode character ─ (U+2500)
               not set up for use with LaTeX.

See the LaTeX manual or LaTeX Companion for explanation.
Type  H <return>  for immediate help.
 ...                                              
                                                  
l.29 ...Tok{              ┌───────
                                                  ────────�...

You may provide a definition with
\DeclareUnicodeCharacter 


! LaTeX Error: Unicode character ─ (U+2500)
               not set up for use with LaTeX.

See the LaTeX manual or LaTeX Companion for explanation.
Type  H <return>  for immediate help.
 ...                                              
                                                  
l.29 ...{              ┌────────
                                                  ───────┴�...

You may provide a definition with
\DeclareUnicodeCharacter 


! LaTeX Error: Unicode character ─ (U+2500)
               not set up for use with LaTeX.

See the LaTeX manual or LaTeX Companion for explanation.
Type  H <return>  for immediate help.
 ...                                              
                                                  
l.29 ...            ┌─────────
                                                  ──────┴─�...

You may provide a definition with
\DeclareUnicodeCharacter 


! LaTeX Error: Unicode character ─ (U+2500)
               not set up for use with LaTeX.

See the LaTeX manual or LaTeX Companion for explanation.
Type  H <return>  for immediate help.
 ...                                              
                                                  
l.29 ...         ┌──────────
                                                  ─────┴──�...

You may provide a definition with
\DeclareUnicodeCharacter 


! LaTeX Error: Unicode character ─ (U+2500)
               not set up for use with LaTeX.

See the LaTeX manual or LaTeX Companion for explanation.
Type  H <return>  for immediate help.
 ...                                              
                                                  
l.29 ...      ┌───────────
                                                  ────┴───�...

You may provide a definition with
\DeclareUnicodeCharacter 


! LaTeX Error: Unicode character ─ (U+2500)
               not set up for use with LaTeX.

See the LaTeX manual or LaTeX Companion for explanation.
Type  H <return>  for immediate help.
 ...                                              
                                                  
l.29 ...   ┌────────────
                                                  ───┴────�...

You may provide a definition with
\DeclareUnicodeCharacter 


! LaTeX Error: Unicode character ─ (U+2500)
               not set up for use with LaTeX.

See the LaTeX manual or LaTeX Companion for explanation.
Type  H <return>  for immediate help.
 ...                                              
                                                  
l.29 ...┌─────────────
                                                  ──┴─────�...

You may provide a definition with
\DeclareUnicodeCharacter 


! LaTeX Error: Unicode character ─ (U+2500)
               not set up for use with LaTeX.

See the LaTeX manual or LaTeX Companion for explanation.
Type  H <return>  for immediate help.
 ...                                              
                                                  
l.29 ...──────────────
                                                  ─┴──────�...

You may provide a definition with
\DeclareUnicodeCharacter 


! LaTeX Error: Unicode character ─ (U+2500)
               not set up for use with LaTeX.

See the LaTeX manual or LaTeX Companion for explanation.
Type  H <return>  for immediate help.
 ...                                              
                                                  
l.29 ...──────────────
                                                  ┴───────�...

You may provide a definition with
\DeclareUnicodeCharacter 


! LaTeX Error: Unicode character ┴ (U+2534)
               not set up for use with LaTeX.

See the LaTeX manual or LaTeX Companion for explanation.
Type  H <return>  for immediate help.
 ...                                              
                                                  
l.29 ...─────────────┴
                                                  ────────�...

You may provide a definition with
\DeclareUnicodeCharacter 


! LaTeX Error: Unicode character ─ (U+2500)
               not set up for use with LaTeX.

See the LaTeX manual or LaTeX Companion for explanation.
Type  H <return>  for immediate help.
 ...                                              
                                                  
l.29 ...────────────┴─
                                                  ────────�...

You may provide a definition with
\DeclareUnicodeCharacter 


! LaTeX Error: Unicode character ─ (U+2500)
               not set up for use with LaTeX.

See the LaTeX manual or LaTeX Companion for explanation.
Type  H <return>  for immediate help.
 ...                                              
                                                  
l.29 ...───────────┴──
                                                  ────────�...

You may provide a definition with
\DeclareUnicodeCharacter 


! LaTeX Error: Unicode character ─ (U+2500)
               not set up for use with LaTeX.

See the LaTeX manual or LaTeX Companion for explanation.
Type  H <return>  for immediate help.
 ...                                              
                                                  
l.29 ...──────────┴───
                                                  ────────�...

You may provide a definition with
\DeclareUnicodeCharacter 


! LaTeX Error: Unicode character ─ (U+2500)
               not set up for use with LaTeX.

See the LaTeX manual or LaTeX Companion for explanation.
Type  H <return>  for immediate help.
 ...                                              
                                                  
l.29 ...─────────┴────
                                                  ────────�...

You may provide a definition with
\DeclareUnicodeCharacter 


! LaTeX Error: Unicode character ─ (U+2500)
               not set up for use with LaTeX.

See the LaTeX manual or LaTeX Companion for explanation.
Type  H <return>  for immediate help.
 ...                                              
                                                  
l.29 ...────────┴─────
                                                  ────────�...

You may provide a definition with
\DeclareUnicodeCharacter 


! LaTeX Error: Unicode character ─ (U+2500)
               not set up for use with LaTeX.

See the LaTeX manual or LaTeX Companion for explanation.
Type  H <return>  for immediate help.
 ...                                              
                                                  
l.29 ...───────┴──────
                                                  ────────�...

You may provide a definition with
\DeclareUnicodeCharacter 


! LaTeX Error: Unicode character ─ (U+2500)
               not set up for use with LaTeX.

See the LaTeX manual or LaTeX Companion for explanation.
Type  H <return>  for immediate help.
 ...                                              
                                                  
l.29 ...──────┴───────
                                                  ────────┐}
You may provide a definition with
\DeclareUnicodeCharacter 


! LaTeX Error: Unicode character ─ (U+2500)
               not set up for use with LaTeX.

See the LaTeX manual or LaTeX Companion for explanation.
Type  H <return>  for immediate help.
 ...                                              
                                                  
l.29 ...─────┴────────
                                                  ───────┐}
You may provide a definition with
\DeclareUnicodeCharacter 


! LaTeX Error: Unicode character ─ (U+2500)
               not set up for use with LaTeX.

See the LaTeX manual or LaTeX Companion for explanation.
Type  H <return>  for immediate help.
 ...                                              
                                                  
l.29 ...────┴─────────
                                                  ──────┐}
You may provide a definition with
\DeclareUnicodeCharacter 


! LaTeX Error: Unicode character ─ (U+2500)
               not set up for use with LaTeX.

See the LaTeX manual or LaTeX Companion for explanation.
Type  H <return>  for immediate help.
 ...                                              
                                                  
l.29 ...───┴──────────
                                                  ─────┐}
You may provide a definition with
\DeclareUnicodeCharacter 


! LaTeX Error: Unicode character ─ (U+2500)
               not set up for use with LaTeX.

See the LaTeX manual or LaTeX Companion for explanation.
Type  H <return>  for immediate help.
 ...                                              
                                                  
l.29 ...──┴───────────
                                                  ────┐}
You may provide a definition with
\DeclareUnicodeCharacter 


! LaTeX Error: Unicode character ─ (U+2500)
               not set up for use with LaTeX.

See the LaTeX manual or LaTeX Companion for explanation.
Type  H <return>  for immediate help.
 ...                                              
                                                  
l.29 ...─┴────────────
                                                  ───┐}
You may provide a definition with
\DeclareUnicodeCharacter 


! LaTeX Error: Unicode character ─ (U+2500)
               not set up for use with LaTeX.

See the LaTeX manual or LaTeX Companion for explanation.
Type  H <return>  for immediate help.
 ...                                              
                                                  
l.29 ...┴─────────────
                                                  ──┐}
You may provide a definition with
\DeclareUnicodeCharacter 


! LaTeX Error: Unicode character ─ (U+2500)
               not set up for use with LaTeX.

See the LaTeX manual or LaTeX Companion for explanation.
Type  H <return>  for immediate help.
 ...                                              
                                                  
l.29 ...──────────────
                                                  ─┐}
You may provide a definition with
\DeclareUnicodeCharacter 


! LaTeX Error: Unicode character ─ (U+2500)
               not set up for use with LaTeX.

See the LaTeX manual or LaTeX Companion for explanation.
Type  H <return>  for immediate help.
 ...                                              
                                                  
l.29 ...──────────────
                                                  ┐}
You may provide a definition with
\DeclareUnicodeCharacter 


! LaTeX Error: Unicode character ┐ (U+2510)
               not set up for use with LaTeX.

See the LaTeX manual or LaTeX Companion for explanation.
Type  H <return>  for immediate help.
 ...                                              
                                                  
l.29 ...─────────────┐
                                                  }
You may provide a definition with
\DeclareUnicodeCharacter 

! Undefined control sequence.
l.30 \NormalTok
               {              ▼                               ▼}
The control sequence at the end of the top line
of your error message was never \def'ed. If you have
misspelled it (e.g., `\hobx'), type `I' and the correct
spelling (e.g., `I\hbox'). Otherwise just continue,
and I'll forget about whatever was undefined.


! LaTeX Error: Unicode character ▼ (U+25BC)
               not set up for use with LaTeX.

See the LaTeX manual or LaTeX Companion for explanation.
Type  H <return>  for immediate help.
 ...                                              
                                                  
l.30 \NormalTok{              ▼
                                                                ▼}
You may provide a definition with
\DeclareUnicodeCharacter 


! LaTeX Error: Unicode character ▼ (U+25BC)
               not set up for use with LaTeX.

See the LaTeX manual or LaTeX Companion for explanation.
Type  H <return>  for immediate help.
 ...                                              
                                                  
l.30 ...     ▼                               ▼
                                                  }
You may provide a definition with
\DeclareUnicodeCharacter 

! Undefined control sequence.
l.31 \NormalTok
               {    [ Giám sát luồng LLM ]          [ Ghi nhận log h�...
The control sequence at the end of the top line
of your error message was never \def'ed. If you have
misspelled it (e.g., `\hobx'), type `I' and the correct
spelling (e.g., `I\hbox'). Otherwise just continue,
and I'll forget about whatever was undefined.

! Undefined control sequence.
l.32 \NormalTok
               {          (Langfuse)                   (AWS CloudWatch)}
The control sequence at the end of the top line
of your error message was never \def'ed. If you have
misspelled it (e.g., `\hobx'), type `I' and the correct
spelling (e.g., `I\hbox'). Otherwise just continue,
and I'll forget about whatever was undefined.


! LaTeX Error: \begin{document} ended by \end{Highlighting}.

See the LaTeX manual or LaTeX Companion for explanation.
Type  H <return>  for immediate help.
 ...                                              
                                                  
l.33 \end{Highlighting}
                       
Your command was ignored.
Type  I <command> <return>  to replace it with another command,
or  <return>  to continue without it.


! LaTeX Error: \begin{document} ended by \end{Shaded}.

See the LaTeX manual or LaTeX Companion for explanation.
Type  H <return>  for immediate help.
 ...                                              
                                                  
l.34 \end{Shaded}
                 
Your command was ignored.
Type  I <command> <return>  to replace it with another command,
or  <return>  to continue without it.

) (./generated/vi/5_Workshop_5_3_medflow_ai_5_3_1_data_storage.tex
<../static/images/5-Workshop/5.3-medflow-ai/S3-1.png, id=315, 1156.32pt x 546.2
4075pt>
File: ../static/images/5-Workshop/5.3-medflow-ai/S3-1.png Graphic file (type pn
g)
<use ../static/images/5-Workshop/5.3-medflow-ai/S3-1.png>
Package pdftex.def Info: ../static/images/5-Workshop/5.3-medflow-ai/S3-1.png  u
sed on input line 19.
(pdftex.def)             Requested size: 455.24408pt x 215.0501pt.

Overfull \hbox (259.02008pt too wide) in paragraph at lines 18--21
[]\T5/ptm/m/n/10 Truy c�p \T5/ptm/b/n/10 Ama-zon S3 Con-sole\T5/ptm/m/n/10 . Ch
�n \T5/ptm/b/n/10 Cre-ate bucket\T5/ptm/m/n/10 . [] 
 []

<../static/images/5-Workshop/5.3-medflow-ai/S3-name.png, id=316, 1000.33725pt x
 399.29175pt>
File: ../static/images/5-Workshop/5.3-medflow-ai/S3-name.png Graphic file (type
 png)
<use ../static/images/5-Workshop/5.3-medflow-ai/S3-name.png>
Package pdftex.def Info: ../static/images/5-Workshop/5.3-medflow-ai/S3-name.png
  used on input line 23.
(pdftex.def)             Requested size: 455.24408pt x 181.71458pt.

Underfull \hbox (badness 8132) in paragraph at lines 21--25
[]\T5/ptm/m/n/10 ^^^�t t�n Bucket (V� d�: \T5/cmtt/m/n/10 medflow-data\T5/ptm/m
/n/10 ) v� ch�n Re-gion (V� d�: \T5/cmtt/m/n/10 ap-southeast-1\T5/ptm/m/n/10 ).

 []


Overfull \hbox (47.00003pt too wide) in paragraph at lines 21--25
[] 
 []

File: Images/hcmut.png Graphic file (type png)
<use Images/hcmut.png>
Package pdftex.def Info: Images/hcmut.png  used on input line 25.
(pdftex.def)             Requested size: 28.44864pt x 27.20943pt.

LaTeX Warning: Reference `LastPage' on page 38 undefined on input line 25.

[38 <../static/images/5-Workshop/5.3-medflow-ai/S3-1.png>]
<../static/images/5-Workshop/5.3-medflow-ai/S3-SSE.png, id=325, 749.199pt x 160
.1985pt>
File: ../static/images/5-Workshop/5.3-medflow-ai/S3-SSE.png Graphic file (type 
png)
<use ../static/images/5-Workshop/5.3-medflow-ai/S3-SSE.png>
Package pdftex.def Info: ../static/images/5-Workshop/5.3-medflow-ai/S3-SSE.png 
 used on input line 27.
(pdftex.def)             Requested size: 455.24408pt x 97.34204pt.

Underfull \hbox (badness 7944) in paragraph at lines 25--29
[]\T5/ptm/m/n/10 B�t c�u h�nh m� h�a \T5/ptm/b/n/10 Server-side en-cryp-tion (S
SE-S3) \T5/ptm/m/n/10 ^^_� b�o m�t t�i li�u y t�.
 []


Overfull \hbox (47.00003pt too wide) in paragraph at lines 25--29
[] 
 []

<../static/images/5-Workshop/5.3-medflow-ai/S3-now.png, id=326, 1144.87724pt x 
494.44725pt>
File: ../static/images/5-Workshop/5.3-medflow-ai/S3-now.png Graphic file (type 
png)
<use ../static/images/5-Workshop/5.3-medflow-ai/S3-now.png>
Package pdftex.def Info: ../static/images/5-Workshop/5.3-medflow-ai/S3-now.png 
 used on input line 31.
(pdftex.def)             Requested size: 455.24408pt x 196.61351pt.

Overfull \hbox (47.00003pt too wide) in paragraph at lines 29--32
[] 
 []

) (./generated/vi/5_Workshop_5_3_medflow_ai_5_3_2_bedrock.tex
Underfull \hbox (badness 5771) in paragraph at lines 22--25
[]\T5/ptm/b/n/10 C�u h�nh IAM Role\T5/ptm/m/n/10 : Ch�n t�o m�i IAM Role c� quy
�n truy c�p ^^_�c S3 Bucket
 []

File: Images/hcmut.png Graphic file (type png)
<use Images/hcmut.png>
Package pdftex.def Info: Images/hcmut.png  used on input line 34.
(pdftex.def)             Requested size: 28.44864pt x 27.20943pt.

LaTeX Warning: Reference `LastPage' on page 39 undefined on input line 34.

[39 <../static/images/5-Workshop/5.3-medflow-ai/S3-name.png> <../static/images/
5-Workshop/5.3-medflow-ai/S3-SSE.png> <../static/images/5-Workshop/5.3-medflow-
ai/S3-now.png>]
<../static/images/5-Workshop/5.3-medflow-ai/bedrock.png, id=340, 1436.36626pt x
 654.19406pt>
File: ../static/images/5-Workshop/5.3-medflow-ai/bedrock.png Graphic file (type
 png)
<use ../static/images/5-Workshop/5.3-medflow-ai/bedrock.png>
Package pdftex.def Info: ../static/images/5-Workshop/5.3-medflow-ai/bedrock.png
  used on input line 55.
(pdftex.def)             Requested size: 455.24408pt x 207.33995pt.
)
(./generated/vi/5_Workshop_5_3_medflow_ai_5_3_3_vimq_grpc_deployment.tex
Underfull \hbox (badness 10000) in paragraph at lines 20--24
[]\T5/ptm/m/n/10 G�n \T5/ptm/b/n/10 IAM Role \T5/ptm/m/n/10 cho EC2 v�i ch�nh s
�ch \T5/cmtt/m/n/10 AmazonBedrockFullAccess \T5/ptm/m/n/10 v�
 []


! LaTeX Error: Environment Shaded undefined.

See the LaTeX manual or LaTeX Companion for explanation.
Type  H <return>  for immediate help.
 ...                                              
                                                  
l.26 \begin{Shaded}
                   
Your command was ignored.
Type  I <command> <return>  to replace it with another command,
or  <return>  to continue without it.


! LaTeX Error: Environment Highlighting undefined.

See the LaTeX manual or LaTeX Companion for explanation.
Type  H <return>  for immediate help.
 ...                                              
                                                  
l.27 \begin{Highlighting}
                         []
Your command was ignored.
Type  I <command> <return>  to replace it with another command,
or  <return>  to continue without it.

! Undefined control sequence.
l.28 \ExtensionTok
                  {pip}\NormalTok{ install torch transformers grpcio grpcio{...
The control sequence at the end of the top line
of your error message was never \def'ed. If you have
misspelled it (e.g., `\hobx'), type `I' and the correct
spelling (e.g., `I\hbox'). Otherwise just continue,
and I'll forget about whatever was undefined.

! Undefined control sequence.
l.28 \ExtensionTok{pip}\NormalTok
                                 { install torch transformers grpcio grpcio{...
The control sequence at the end of the top line
of your error message was never \def'ed. If you have
misspelled it (e.g., `\hobx'), type `I' and the correct
spelling (e.g., `I\hbox'). Otherwise just continue,
and I'll forget about whatever was undefined.


! LaTeX Error: \begin{enumerate} on input line 14 ended by \end{Highlighting}.

See the LaTeX manual or LaTeX Companion for explanation.
Type  H <return>  for immediate help.
 ...                                              
                                                  
l.29 \end{Highlighting}
                       
Your command was ignored.
Type  I <command> <return>  to replace it with another command,
or  <return>  to continue without it.


! LaTeX Error: \begin{enumerate} on input line 14 ended by \end{Shaded}.

See the LaTeX manual or LaTeX Companion for explanation.
Type  H <return>  for immediate help.
 ...                                              
                                                  
l.30 \end{Shaded}
                 
Your command was ignored.
Type  I <command> <return>  to replace it with another command,
or  <return>  to continue without it.

) (./generated/vi/5_Workshop_5_3_medflow_ai_5_3_4_rag_tracing_monitoring.tex

! LaTeX Error: Environment Shaded undefined.

See the LaTeX manual or LaTeX Companion for explanation.
Type  H <return>  for immediate help.
 ...                                              
                                                  
l.22 \begin{Shaded}
                   
Your command was ignored.
Type  I <command> <return>  to replace it with another command,
or  <return>  to continue without it.


! LaTeX Error: Environment Highlighting undefined.

See the LaTeX manual or LaTeX Companion for explanation.
Type  H <return>  for immediate help.
 ...                                              
                                                  
l.23 \begin{Highlighting}
                         []
Your command was ignored.
Type  I <command> <return>  to replace it with another command,
or  <return>  to continue without it.

! Undefined control sequence.
l.24 \ImportTok
               {from}\NormalTok{ langchain\_aws }\ImportTok{import}\NormalTo...
The control sequence at the end of the top line
of your error message was never \def'ed. If you have
misspelled it (e.g., `\hobx'), type `I' and the correct
spelling (e.g., `I\hbox'). Otherwise just continue,
and I'll forget about whatever was undefined.

! Undefined control sequence.
l.24 \ImportTok{from}\NormalTok
                               { langchain\_aws }\ImportTok{import}\NormalTo...
The control sequence at the end of the top line
of your error message was never \def'ed. If you have
misspelled it (e.g., `\hobx'), type `I' and the correct
spelling (e.g., `I\hbox'). Otherwise just continue,
and I'll forget about whatever was undefined.

! Undefined control sequence.
l.24 ...rom}\NormalTok{ langchain\_aws }\ImportTok
                                                  {import}\NormalTok{ Amazon...
The control sequence at the end of the top line
of your error message was never \def'ed. If you have
misspelled it (e.g., `\hobx'), type `I' and the correct
spelling (e.g., `I\hbox'). Otherwise just continue,
and I'll forget about whatever was undefined.

! Undefined control sequence.
l.24 ...ngchain\_aws }\ImportTok{import}\NormalTok
                                                  { AmazonKnowledgeBasesRetr...
The control sequence at the end of the top line
of your error message was never \def'ed. If you have
misspelled it (e.g., `\hobx'), type `I' and the correct
spelling (e.g., `I\hbox'). Otherwise just continue,
and I'll forget about whatever was undefined.

! Undefined control sequence.
l.26 \NormalTok
               {retriever }\OperatorTok{=}\NormalTok{ AmazonKnowledgeBasesRe...
The control sequence at the end of the top line
of your error message was never \def'ed. If you have
misspelled it (e.g., `\hobx'), type `I' and the correct
spelling (e.g., `I\hbox'). Otherwise just continue,
and I'll forget about whatever was undefined.

! Undefined control sequence.
l.26 \NormalTok{retriever }\OperatorTok
                                       {=}\NormalTok{ AmazonKnowledgeBasesRe...
The control sequence at the end of the top line
of your error message was never \def'ed. If you have
misspelled it (e.g., `\hobx'), type `I' and the correct
spelling (e.g., `I\hbox'). Otherwise just continue,
and I'll forget about whatever was undefined.

! Undefined control sequence.
l.26 ...alTok{retriever }\OperatorTok{=}\NormalTok
                                                  { AmazonKnowledgeBasesRetr...
The control sequence at the end of the top line
of your error message was never \def'ed. If you have
misspelled it (e.g., `\hobx'), type `I' and the correct
spelling (e.g., `I\hbox'). Otherwise just continue,
and I'll forget about whatever was undefined.

! Undefined control sequence.
l.27 \NormalTok
               {    knowledge\_base\_id}\OperatorTok{=}\StringTok{"YOUR\_BED...
The control sequence at the end of the top line
of your error message was never \def'ed. If you have
misspelled it (e.g., `\hobx'), type `I' and the correct
spelling (e.g., `I\hbox'). Otherwise just continue,
and I'll forget about whatever was undefined.

! Undefined control sequence.
l.27 ...alTok{    knowledge\_base\_id}\OperatorTok
                                                  {=}\StringTok{"YOUR\_BEDRO...
The control sequence at the end of the top line
of your error message was never \def'ed. If you have
misspelled it (e.g., `\hobx'), type `I' and the correct
spelling (e.g., `I\hbox'). Otherwise just continue,
and I'll forget about whatever was undefined.

! Undefined control sequence.
l.27 ...wledge\_base\_id}\OperatorTok{=}\StringTok
                                                  {"YOUR\_BEDROCK\_KB\_ID"}\...
The control sequence at the end of the top line
of your error message was never \def'ed. If you have
misspelled it (e.g., `\hobx'), type `I' and the correct
spelling (e.g., `I\hbox'). Otherwise just continue,
and I'll forget about whatever was undefined.

! Undefined control sequence.
l.27 ...ringTok{"YOUR\_BEDROCK\_KB\_ID"}\NormalTok
                                                  {,}
The control sequence at the end of the top line
of your error message was never \def'ed. If you have
misspelled it (e.g., `\hobx'), type `I' and the correct
spelling (e.g., `I\hbox'). Otherwise just continue,
and I'll forget about whatever was undefined.

! Undefined control sequence.
l.28 \NormalTok
               {    retrieval\_config}\OperatorTok{=}\NormalTok{\{}\StringTo...
The control sequence at the end of the top line
of your error message was never \def'ed. If you have
misspelled it (e.g., `\hobx'), type `I' and the correct
spelling (e.g., `I\hbox'). Otherwise just continue,
and I'll forget about whatever was undefined.

! Undefined control sequence.
l.28 \NormalTok{    retrieval\_config}\OperatorTok
                                                  {=}\NormalTok{\{}\StringTo...
The control sequence at the end of the top line
of your error message was never \def'ed. If you have
misspelled it (e.g., `\hobx'), type `I' and the correct
spelling (e.g., `I\hbox'). Otherwise just continue,
and I'll forget about whatever was undefined.

! Undefined control sequence.
l.28 ...etrieval\_config}\OperatorTok{=}\NormalTok
                                                  {\{}\StringTok{"vectorSear...
The control sequence at the end of the top line
of your error message was never \def'ed. If you have
misspelled it (e.g., `\hobx'), type `I' and the correct
spelling (e.g., `I\hbox'). Otherwise just continue,
and I'll forget about whatever was undefined.

! Undefined control sequence.
l.28 ...ig}\OperatorTok{=}\NormalTok{\{}\StringTok
                                                  {"vectorSearchConfiguratio...
The control sequence at the end of the top line
of your error message was never \def'ed. If you have
misspelled it (e.g., `\hobx'), type `I' and the correct
spelling (e.g., `I\hbox'). Otherwise just continue,
and I'll forget about whatever was undefined.

! Undefined control sequence.
l.28 ...Tok{"vectorSearchConfiguration"}\NormalTok
                                                  {: \{}\StringTok{"numberOf...
The control sequence at the end of the top line
of your error message was never \def'ed. If you have
misspelled it (e.g., `\hobx'), type `I' and the correct
spelling (e.g., `I\hbox'). Otherwise just continue,
and I'll forget about whatever was undefined.

! Undefined control sequence.
l.28 ...hConfiguration"}\NormalTok{: \{}\StringTok
                                                  {"numberOfResults"}\Normal...
The control sequence at the end of the top line
of your error message was never \def'ed. If you have
misspelled it (e.g., `\hobx'), type `I' and the correct
spelling (e.g., `I\hbox'). Otherwise just continue,
and I'll forget about whatever was undefined.

! Undefined control sequence.
l.28 ...\{}\StringTok{"numberOfResults"}\NormalTok
                                                  {: }\DecValTok{3}\NormalTo...
The control sequence at the end of the top line
of your error message was never \def'ed. If you have
misspelled it (e.g., `\hobx'), type `I' and the correct
spelling (e.g., `I\hbox'). Otherwise just continue,
and I'll forget about whatever was undefined.

! Undefined control sequence.
l.28 ..."numberOfResults"}\NormalTok{: }\DecValTok
                                                  {3}\NormalTok{\}\}}
The control sequence at the end of the top line
of your error message was never \def'ed. If you have
misspelled it (e.g., `\hobx'), type `I' and the correct
spelling (e.g., `I\hbox'). Otherwise just continue,
and I'll forget about whatever was undefined.

! Undefined control sequence.
l.28 ...lts"}\NormalTok{: }\DecValTok{3}\NormalTok
                                                  {\}\}}
The control sequence at the end of the top line
of your error message was never \def'ed. If you have
misspelled it (e.g., `\hobx'), type `I' and the correct
spelling (e.g., `I\hbox'). Otherwise just continue,
and I'll forget about whatever was undefined.

! Undefined control sequence.
l.29 \NormalTok
               {)}
The control sequence at the end of the top line
of your error message was never \def'ed. If you have
misspelled it (e.g., `\hobx'), type `I' and the correct
spelling (e.g., `I\hbox'). Otherwise just continue,
and I'll forget about whatever was undefined.


! LaTeX Error: \begin{enumerate} on input line 16 ended by \end{Highlighting}.

See the LaTeX manual or LaTeX Companion for explanation.
Type  H <return>  for immediate help.
 ...                                              
                                                  
l.30 \end{Highlighting}
                       
Your command was ignored.
Type  I <command> <return>  to replace it with another command,
or  <return>  to continue without it.


! LaTeX Error: \begin{enumerate} on input line 16 ended by \end{Shaded}.

See the LaTeX manual or LaTeX Companion for explanation.
Type  H <return>  for immediate help.
 ...                                              
                                                  
l.31 \end{Shaded}
                 
Your command was ignored.
Type  I <command> <return>  to replace it with another command,
or  <return>  to continue without it.

File: Images/hcmut.png Graphic file (type png)
<use Images/hcmut.png>
Package pdftex.def Info: Images/hcmut.png  used on input line 33.
(pdftex.def)             Requested size: 28.44864pt x 27.20943pt.

LaTeX Warning: Reference `LastPage' on page 40 undefined on input line 33.

[40 <../static/images/5-Workshop/5.3-medflow-ai/bedrock.png>]

! LaTeX Error: Environment Shaded undefined.

See the LaTeX manual or LaTeX Companion for explanation.
Type  H <return>  for immediate help.
 ...                                              
                                                  
l.36 \begin{Shaded}
                   
Your command was ignored.
Type  I <command> <return>  to replace it with another command,
or  <return>  to continue without it.


! LaTeX Error: Environment Highlighting undefined.

See the LaTeX manual or LaTeX Companion for explanation.
Type  H <return>  for immediate help.
 ...                                              
                                                  
l.37 \begin{Highlighting}
                         []
Your command was ignored.
Type  I <command> <return>  to replace it with another command,
or  <return>  to continue without it.

! Undefined control sequence.
l.38 \ImportTok
               {from}\NormalTok{ langfuse.callback }\ImportTok{import}\Norma...
The control sequence at the end of the top line
of your error message was never \def'ed. If you have
misspelled it (e.g., `\hobx'), type `I' and the correct
spelling (e.g., `I\hbox'). Otherwise just continue,
and I'll forget about whatever was undefined.

! Undefined control sequence.
l.38 \ImportTok{from}\NormalTok
                               { langfuse.callback }\ImportTok{import}\Norma...
The control sequence at the end of the top line
of your error message was never \def'ed. If you have
misspelled it (e.g., `\hobx'), type `I' and the correct
spelling (e.g., `I\hbox'). Otherwise just continue,
and I'll forget about whatever was undefined.

! Undefined control sequence.
l.38 ...}\NormalTok{ langfuse.callback }\ImportTok
                                                  {import}\NormalTok{ Callba...
The control sequence at the end of the top line
of your error message was never \def'ed. If you have
misspelled it (e.g., `\hobx'), type `I' and the correct
spelling (e.g., `I\hbox'). Otherwise just continue,
and I'll forget about whatever was undefined.

! Undefined control sequence.
l.38 ...use.callback }\ImportTok{import}\NormalTok
                                                  { CallbackHandler}
The control sequence at the end of the top line
of your error message was never \def'ed. If you have
misspelled it (e.g., `\hobx'), type `I' and the correct
spelling (e.g., `I\hbox'). Otherwise just continue,
and I'll forget about whatever was undefined.

! Undefined control sequence.
l.40 \NormalTok
               {langfuse\_handler }\OperatorTok{=}\NormalTok{ CallbackHandler(}
The control sequence at the end of the top line
of your error message was never \def'ed. If you have
misspelled it (e.g., `\hobx'), type `I' and the correct
spelling (e.g., `I\hbox'). Otherwise just continue,
and I'll forget about whatever was undefined.

! Undefined control sequence.
l.40 \NormalTok{langfuse\_handler }\OperatorTok
                                               {=}\NormalTok{ CallbackHandler(}
The control sequence at the end of the top line
of your error message was never \def'ed. If you have
misspelled it (e.g., `\hobx'), type `I' and the correct
spelling (e.g., `I\hbox'). Otherwise just continue,
and I'll forget about whatever was undefined.

! Undefined control sequence.
l.40 ...ngfuse\_handler }\OperatorTok{=}\NormalTok
                                                  { CallbackHandler(}
The control sequence at the end of the top line
of your error message was never \def'ed. If you have
misspelled it (e.g., `\hobx'), type `I' and the correct
spelling (e.g., `I\hbox'). Otherwise just continue,
and I'll forget about whatever was undefined.

! Undefined control sequence.
l.41 \NormalTok
               {    public\_key}\OperatorTok{=}\StringTok{"pk{-}lf{-}..."}\N...
The control sequence at the end of the top line
of your error message was never \def'ed. If you have
misspelled it (e.g., `\hobx'), type `I' and the correct
spelling (e.g., `I\hbox'). Otherwise just continue,
and I'll forget about whatever was undefined.

! Undefined control sequence.
l.41 \NormalTok{    public\_key}\OperatorTok
                                            {=}\StringTok{"pk{-}lf{-}..."}\N...
The control sequence at the end of the top line
of your error message was never \def'ed. If you have
misspelled it (e.g., `\hobx'), type `I' and the correct
spelling (e.g., `I\hbox'). Otherwise just continue,
and I'll forget about whatever was undefined.

! Undefined control sequence.
l.41 ...{    public\_key}\OperatorTok{=}\StringTok
                                                  {"pk{-}lf{-}..."}\NormalTo...
The control sequence at the end of the top line
of your error message was never \def'ed. If you have
misspelled it (e.g., `\hobx'), type `I' and the correct
spelling (e.g., `I\hbox'). Otherwise just continue,
and I'll forget about whatever was undefined.

! Undefined control sequence.
l.41 ...ok{=}\StringTok{"pk{-}lf{-}..."}\NormalTok
                                                  {,}
The control sequence at the end of the top line
of your error message was never \def'ed. If you have
misspelled it (e.g., `\hobx'), type `I' and the correct
spelling (e.g., `I\hbox'). Otherwise just continue,
and I'll forget about whatever was undefined.

! Undefined control sequence.
l.42 \NormalTok
               {    secret\_key}\OperatorTok{=}\StringTok{"sk{-}lf{-}..."}\N...
The control sequence at the end of the top line
of your error message was never \def'ed. If you have
misspelled it (e.g., `\hobx'), type `I' and the correct
spelling (e.g., `I\hbox'). Otherwise just continue,
and I'll forget about whatever was undefined.

! Undefined control sequence.
l.42 \NormalTok{    secret\_key}\OperatorTok
                                            {=}\StringTok{"sk{-}lf{-}..."}\N...
The control sequence at the end of the top line
of your error message was never \def'ed. If you have
misspelled it (e.g., `\hobx'), type `I' and the correct
spelling (e.g., `I\hbox'). Otherwise just continue,
and I'll forget about whatever was undefined.

! Undefined control sequence.
l.42 ...{    secret\_key}\OperatorTok{=}\StringTok
                                                  {"sk{-}lf{-}..."}\NormalTo...
The control sequence at the end of the top line
of your error message was never \def'ed. If you have
misspelled it (e.g., `\hobx'), type `I' and the correct
spelling (e.g., `I\hbox'). Otherwise just continue,
and I'll forget about whatever was undefined.

! Undefined control sequence.
l.42 ...ok{=}\StringTok{"sk{-}lf{-}..."}\NormalTok
                                                  {,}
The control sequence at the end of the top line
of your error message was never \def'ed. If you have
misspelled it (e.g., `\hobx'), type `I' and the correct
spelling (e.g., `I\hbox'). Otherwise just continue,
and I'll forget about whatever was undefined.

! Undefined control sequence.
l.43 \NormalTok
               {    host}\OperatorTok{=}\StringTok{"[https://cloud.langfuse....
The control sequence at the end of the top line
of your error message was never \def'ed. If you have
misspelled it (e.g., `\hobx'), type `I' and the correct
spelling (e.g., `I\hbox'). Otherwise just continue,
and I'll forget about whatever was undefined.

! Undefined control sequence.
l.43 \NormalTok{    host}\OperatorTok
                                     {=}\StringTok{"[https://cloud.langfuse....
The control sequence at the end of the top line
of your error message was never \def'ed. If you have
misspelled it (e.g., `\hobx'), type `I' and the correct
spelling (e.g., `I\hbox'). Otherwise just continue,
and I'll forget about whatever was undefined.

! Undefined control sequence.
l.43 \NormalTok{    host}\OperatorTok{=}\StringTok
                                                  {"[https://cloud.langfuse....
The control sequence at the end of the top line
of your error message was never \def'ed. If you have
misspelled it (e.g., `\hobx'), type `I' and the correct
spelling (e.g., `I\hbox'). Otherwise just continue,
and I'll forget about whatever was undefined.

! Undefined control sequence.
l.44 \NormalTok
               {)}
The control sequence at the end of the top line
of your error message was never \def'ed. If you have
misspelled it (e.g., `\hobx'), type `I' and the correct
spelling (e.g., `I\hbox'). Otherwise just continue,
and I'll forget about whatever was undefined.


! LaTeX Error: \begin{enumerate} on input line 16 ended by \end{Highlighting}.

See the LaTeX manual or LaTeX Companion for explanation.
Type  H <return>  for immediate help.
 ...                                              
                                                  
l.45 \end{Highlighting}
                       
Your command was ignored.
Type  I <command> <return>  to replace it with another command,
or  <return>  to continue without it.


! LaTeX Error: \begin{enumerate} on input line 16 ended by \end{Shaded}.

See the LaTeX manual or LaTeX Companion for explanation.
Type  H <return>  for immediate help.
 ...                                              
                                                  
l.46 \end{Shaded}
                 
Your command was ignored.
Type  I <command> <return>  to replace it with another command,
or  <return>  to continue without it.


Underfull \hbox (badness 10000) in paragraph at lines 40--48
[]\T5/ptm/m/n/10 langfuse_handler = Call-back-Han-dler(  public_key="pk-lf-..."
,  secret_key="sk-lf-...",
 []


! LaTeX Error: Environment Shaded undefined.

See the LaTeX manual or LaTeX Companion for explanation.
Type  H <return>  for immediate help.
 ...                                              
                                                  
l.85 \begin{Shaded}
                   
Your command was ignored.
Type  I <command> <return>  to replace it with another command,
or  <return>  to continue without it.


! LaTeX Error: Environment Highlighting undefined.

See the LaTeX manual or LaTeX Companion for explanation.
Type  H <return>  for immediate help.
 ...                                              
                                                  
l.86 \begin{Highlighting}
                         []
Your command was ignored.
Type  I <command> <return>  to replace it with another command,
or  <return>  to continue without it.

! Undefined control sequence.
l.87 \ImportTok
               {import}\NormalTok{ logging}
The control sequence at the end of the top line
of your error message was never \def'ed. If you have
misspelled it (e.g., `\hobx'), type `I' and the correct
spelling (e.g., `I\hbox'). Otherwise just continue,
and I'll forget about whatever was undefined.

! Undefined control sequence.
l.87 \ImportTok{import}\NormalTok
                                 { logging}
The control sequence at the end of the top line
of your error message was never \def'ed. If you have
misspelled it (e.g., `\hobx'), type `I' and the correct
spelling (e.g., `I\hbox'). Otherwise just continue,
and I'll forget about whatever was undefined.

! Undefined control sequence.
l.88 \ImportTok
               {import}\NormalTok{ watchtower}
The control sequence at the end of the top line
of your error message was never \def'ed. If you have
misspelled it (e.g., `\hobx'), type `I' and the correct
spelling (e.g., `I\hbox'). Otherwise just continue,
and I'll forget about whatever was undefined.

! Undefined control sequence.
l.88 \ImportTok{import}\NormalTok
                                 { watchtower}
The control sequence at the end of the top line
of your error message was never \def'ed. If you have
misspelled it (e.g., `\hobx'), type `I' and the correct
spelling (e.g., `I\hbox'). Otherwise just continue,
and I'll forget about whatever was undefined.

! Undefined control sequence.
l.90 \NormalTok
               {logging.basicConfig(level}\OperatorTok{=}\NormalTok{logging....
The control sequence at the end of the top line
of your error message was never \def'ed. If you have
misspelled it (e.g., `\hobx'), type `I' and the correct
spelling (e.g., `I\hbox'). Otherwise just continue,
and I'll forget about whatever was undefined.

! Undefined control sequence.
l.90 ...Tok{logging.basicConfig(level}\OperatorTok
                                                  {=}\NormalTok{logging.INFO)}
The control sequence at the end of the top line
of your error message was never \def'ed. If you have
misspelled it (e.g., `\hobx'), type `I' and the correct
spelling (e.g., `I\hbox'). Otherwise just continue,
and I'll forget about whatever was undefined.

! Undefined control sequence.
l.90 ...asicConfig(level}\OperatorTok{=}\NormalTok
                                                  {logging.INFO)}
The control sequence at the end of the top line
of your error message was never \def'ed. If you have
misspelled it (e.g., `\hobx'), type `I' and the correct
spelling (e.g., `I\hbox'). Otherwise just continue,
and I'll forget about whatever was undefined.

! Undefined control sequence.
l.91 \NormalTok
               {logger }\OperatorTok{=}\NormalTok{ logging.getLogger(}\Strin...
The control sequence at the end of the top line
of your error message was never \def'ed. If you have
misspelled it (e.g., `\hobx'), type `I' and the correct
spelling (e.g., `I\hbox'). Otherwise just continue,
and I'll forget about whatever was undefined.

! Undefined control sequence.
l.91 \NormalTok{logger }\OperatorTok
                                    {=}\NormalTok{ logging.getLogger(}\Strin...
The control sequence at the end of the top line
of your error message was never \def'ed. If you have
misspelled it (e.g., `\hobx'), type `I' and the correct
spelling (e.g., `I\hbox'). Otherwise just continue,
and I'll forget about whatever was undefined.

! Undefined control sequence.
l.91 \NormalTok{logger }\OperatorTok{=}\NormalTok
                                                 { logging.getLogger(}\Strin...
The control sequence at the end of the top line
of your error message was never \def'ed. If you have
misspelled it (e.g., `\hobx'), type `I' and the correct
spelling (e.g., `I\hbox'). Otherwise just continue,
and I'll forget about whatever was undefined.

! Undefined control sequence.
l.91 ...}\NormalTok{ logging.getLogger(}\StringTok
                                                  {"MedFlowAI"}\NormalTok{)}
The control sequence at the end of the top line
of your error message was never \def'ed. If you have
misspelled it (e.g., `\hobx'), type `I' and the correct
spelling (e.g., `I\hbox'). Otherwise just continue,
and I'll forget about whatever was undefined.

! Undefined control sequence.
l.91 ...tLogger(}\StringTok{"MedFlowAI"}\NormalTok
                                                  {)}
The control sequence at the end of the top line
of your error message was never \def'ed. If you have
misspelled it (e.g., `\hobx'), type `I' and the correct
spelling (e.g., `I\hbox'). Otherwise just continue,
and I'll forget about whatever was undefined.

! Undefined control sequence.
l.92 \NormalTok
               {logger.addHandler(watchtower.CloudWatchLogHandler(log\_group...
The control sequence at the end of the top line
of your error message was never \def'ed. If you have
misspelled it (e.g., `\hobx'), type `I' and the correct
spelling (e.g., `I\hbox'). Otherwise just continue,
and I'll forget about whatever was undefined.

! Undefined control sequence.
l.92 ...oudWatchLogHandler(log\_group}\OperatorTok
                                                  {=}\StringTok{"/aws/medflo...
The control sequence at the end of the top line
of your error message was never \def'ed. If you have
misspelled it (e.g., `\hobx'), type `I' and the correct
spelling (e.g., `I\hbox'). Otherwise just continue,
and I'll forget about whatever was undefined.

! Undefined control sequence.
l.92 ...ndler(log\_group}\OperatorTok{=}\StringTok
                                                  {"/aws/medflow/med{-}chatb...
The control sequence at the end of the top line
of your error message was never \def'ed. If you have
misspelled it (e.g., `\hobx'), type `I' and the correct
spelling (e.g., `I\hbox'). Otherwise just continue,
and I'll forget about whatever was undefined.

! Undefined control sequence.
l.92 ...ok{"/aws/medflow/med{-}chatbot"}\NormalTok
                                                  {))}
The control sequence at the end of the top line
of your error message was never \def'ed. If you have
misspelled it (e.g., `\hobx'), type `I' and the correct
spelling (e.g., `I\hbox'). Otherwise just continue,
and I'll forget about whatever was undefined.


! LaTeX Error: \begin{enumerate} on input line 72 ended by \end{Highlighting}.

See the LaTeX manual or LaTeX Companion for explanation.
Type  H <return>  for immediate help.
 ...                                              
                                                  
l.93 \end{Highlighting}
                       
Your command was ignored.
Type  I <command> <return>  to replace it with another command,
or  <return>  to continue without it.


! LaTeX Error: \begin{enumerate} on input line 72 ended by \end{Shaded}.

See the LaTeX manual or LaTeX Companion for explanation.
Type  H <return>  for immediate help.
 ...                                              
                                                  
l.94 \end{Shaded}
                 
Your command was ignored.
Type  I <command> <return>  to replace it with another command,
or  <return>  to continue without it.


Underfull \hbox (badness 10000) in paragraph at lines 90--95
[]\T5/ptm/m/n/10 logging.basicConfig(level=logging.INFO) log-ger = log-ging.get
Logger("MedFlowAI")
 []

<../static/images/5-Workshop/5.3-medflow-ai/langfuse tracing router.png, id=356
, 1444.64719pt x 659.46375pt>
File: ../static/images/5-Workshop/5.3-medflow-ai/langfuse tracing router.png Gr
aphic file (type png)
<use ../static/images/5-Workshop/5.3-medflow-ai/langfuse tracing router.png>
Package pdftex.def Info: ../static/images/5-Workshop/5.3-medflow-ai/langfuse tr
acing router.png  used on input line 98.
(pdftex.def)             Requested size: 455.24408pt x 207.81267pt.
)
Underfull \hbox (badness 10000) in paragraph at lines 98--89

 []

(./generated/vi/5_Workshop_5_4_deploy.tex)
(./generated/vi/5_Workshop_5_4_deploy_5_4_1_ecr_push.tex
File: Images/hcmut.png Graphic file (type png)
<use Images/hcmut.png>
Package pdftex.def Info: Images/hcmut.png  used on input line 4.
(pdftex.def)             Requested size: 28.44864pt x 27.20943pt.


LaTeX Warning: Reference `LastPage' on page 41 undefined on input line 4.

[41 <../static/images/5-Workshop/5.3-medflow-ai/langfuse tracing router.png>]
<../static/images/5-Workshop/5.4-deploy/ECR.png, id=372, 1440.13031pt x 653.441
25pt>
File: ../static/images/5-Workshop/5.4-deploy/ECR.png Graphic file (type png)
<use ../static/images/5-Workshop/5.4-deploy/ECR.png>
Package pdftex.def Info: ../static/images/5-Workshop/5.4-deploy/ECR.png  used o
n input line 25.
(pdftex.def)             Requested size: 455.24408pt x 206.55296pt.

Overfull \hbox (123.36006pt too wide) in paragraph at lines 24--26
[]\T5/ptm/m/n/10 ^^^� ch� ^^_� \T5/ptm/b/n/10 Pri-vate\T5/ptm/m/n/10 . [] 
 []


! LaTeX Error: Environment Shaded undefined.

See the LaTeX manual or LaTeX Companion for explanation.
Type  H <return>  for immediate help.
 ...                                              
                                                  
l.42 \begin{Shaded}
                   
Your command was ignored.
Type  I <command> <return>  to replace it with another command,
or  <return>  to continue without it.


! LaTeX Error: Environment Highlighting undefined.

See the LaTeX manual or LaTeX Companion for explanation.
Type  H <return>  for immediate help.
 ...                                              
                                                  
l.43 \begin{Highlighting}
                         []
Your command was ignored.
Type  I <command> <return>  to replace it with another command,
or  <return>  to continue without it.

! Undefined control sequence.
l.44 \ExtensionTok
                  {aws}\NormalTok{ ecr get{-}login{-}password }\AttributeTok...
The control sequence at the end of the top line
of your error message was never \def'ed. If you have
misspelled it (e.g., `\hobx'), type `I' and the correct
spelling (e.g., `I\hbox'). Otherwise just continue,
and I'll forget about whatever was undefined.

! Undefined control sequence.
l.44 \ExtensionTok{aws}\NormalTok
                                 { ecr get{-}login{-}password }\AttributeTok...
The control sequence at the end of the top line
of your error message was never \def'ed. If you have
misspelled it (e.g., `\hobx'), type `I' and the correct
spelling (e.g., `I\hbox'). Otherwise just continue,
and I'll forget about whatever was undefined.

! Undefined control sequence.
l.44 ... ecr get{-}login{-}password }\AttributeTok
                                                  {{-}{-}region} \OperatorTo...
The control sequence at the end of the top line
of your error message was never \def'ed. If you have
misspelled it (e.g., `\hobx'), type `I' and the correct
spelling (e.g., `I\hbox'). Otherwise just continue,
and I'll forget about whatever was undefined.

! Undefined control sequence.
l.44 ... }\AttributeTok{{-}{-}region} \OperatorTok
                                                  {\textless{}}\NormalTok{re...
The control sequence at the end of the top line
of your error message was never \def'ed. If you have
misspelled it (e.g., `\hobx'), type `I' and the correct
spelling (e.g., `I\hbox'). Otherwise just continue,
and I'll forget about whatever was undefined.

! Undefined control sequence.
l.44 ...egion} \OperatorTok{\textless{}}\NormalTok
                                                  {region}\OperatorTok{\text...
The control sequence at the end of the top line
of your error message was never \def'ed. If you have
misspelled it (e.g., `\hobx'), type `I' and the correct
spelling (e.g., `I\hbox'). Otherwise just continue,
and I'll forget about whatever was undefined.

! Undefined control sequence.
l.44 ...\textless{}}\NormalTok{region}\OperatorTok
                                                  {\textgreater{}} \KeywordT...
The control sequence at the end of the top line
of your error message was never \def'ed. If you have
misspelled it (e.g., `\hobx'), type `I' and the correct
spelling (e.g., `I\hbox'). Otherwise just continue,
and I'll forget about whatever was undefined.

! Undefined control sequence.
l.44 ...n}\OperatorTok{\textgreater{}} \KeywordTok
                                                  {|} \ExtensionTok{docker}\...
The control sequence at the end of the top line
of your error message was never \def'ed. If you have
misspelled it (e.g., `\hobx'), type `I' and the correct
spelling (e.g., `I\hbox'). Otherwise just continue,
and I'll forget about whatever was undefined.

! Undefined control sequence.
l.44 ...extgreater{}} \KeywordTok{|} \ExtensionTok
                                                  {docker}\NormalTok{ login ...
The control sequence at the end of the top line
of your error message was never \def'ed. If you have
misspelled it (e.g., `\hobx'), type `I' and the correct
spelling (e.g., `I\hbox'). Otherwise just continue,
and I'll forget about whatever was undefined.

! Undefined control sequence.
l.44 ...wordTok{|} \ExtensionTok{docker}\NormalTok
                                                  { login }\AttributeTok{{-}...
The control sequence at the end of the top line
of your error message was never \def'ed. If you have
misspelled it (e.g., `\hobx'), type `I' and the correct
spelling (e.g., `I\hbox'). Otherwise just continue,
and I'll forget about whatever was undefined.

! Undefined control sequence.
l.44 ...ok{docker}\NormalTok{ login }\AttributeTok
                                                  {{-}{-}username}\NormalTok...
The control sequence at the end of the top line
of your error message was never \def'ed. If you have
misspelled it (e.g., `\hobx'), type `I' and the correct
spelling (e.g., `I\hbox'). Otherwise just continue,
and I'll forget about whatever was undefined.

! Undefined control sequence.
l.44 ...n }\AttributeTok{{-}{-}username}\NormalTok
                                                  { AWS }\AttributeTok{{-}{-...
The control sequence at the end of the top line
of your error message was never \def'ed. If you have
misspelled it (e.g., `\hobx'), type `I' and the correct
spelling (e.g., `I\hbox'). Otherwise just continue,
and I'll forget about whatever was undefined.

! Undefined control sequence.
l.44 ...{-}username}\NormalTok{ AWS }\AttributeTok
                                                  {{-}{-}password{-}stdin} \...
The control sequence at the end of the top line
of your error message was never \def'ed. If you have
misspelled it (e.g., `\hobx'), type `I' and the correct
spelling (e.g., `I\hbox'). Otherwise just continue,
and I'll forget about whatever was undefined.

! Undefined control sequence.
l.44 ...teTok{{-}{-}password{-}stdin} \OperatorTok
                                                  {\textless{}}\NormalTok{aw...
The control sequence at the end of the top line
of your error message was never \def'ed. If you have
misspelled it (e.g., `\hobx'), type `I' and the correct
spelling (e.g., `I\hbox'). Otherwise just continue,
and I'll forget about whatever was undefined.

! Undefined control sequence.
l.44 ...stdin} \OperatorTok{\textless{}}\NormalTok
                                                  {aws\_account\_id}\Operato...
The control sequence at the end of the top line
of your error message was never \def'ed. If you have
misspelled it (e.g., `\hobx'), type `I' and the correct
spelling (e.g., `I\hbox'). Otherwise just continue,
and I'll forget about whatever was undefined.

! Undefined control sequence.
l.44 ...}}\NormalTok{aws\_account\_id}\OperatorTok
                                                  {\textgreater{}}\NormalTok...
The control sequence at the end of the top line
of your error message was never \def'ed. If you have
misspelled it (e.g., `\hobx'), type `I' and the correct
spelling (e.g., `I\hbox'). Otherwise just continue,
and I'll forget about whatever was undefined.

! Undefined control sequence.
l.44 ..._id}\OperatorTok{\textgreater{}}\NormalTok
                                                  {.dkr.ecr.}\OperatorTok{\t...
The control sequence at the end of the top line
of your error message was never \def'ed. If you have
misspelled it (e.g., `\hobx'), type `I' and the correct
spelling (e.g., `I\hbox'). Otherwise just continue,
and I'll forget about whatever was undefined.

! Undefined control sequence.
l.44 ...reater{}}\NormalTok{.dkr.ecr.}\OperatorTok
                                                  {\textless{}}\NormalTok{re...
The control sequence at the end of the top line
of your error message was never \def'ed. If you have
misspelled it (e.g., `\hobx'), type `I' and the correct
spelling (e.g., `I\hbox'). Otherwise just continue,
and I'll forget about whatever was undefined.

! Undefined control sequence.
l.44 ...r.ecr.}\OperatorTok{\textless{}}\NormalTok
                                                  {region}\OperatorTok{\text...
The control sequence at the end of the top line
of your error message was never \def'ed. If you have
misspelled it (e.g., `\hobx'), type `I' and the correct
spelling (e.g., `I\hbox'). Otherwise just continue,
and I'll forget about whatever was undefined.

! Undefined control sequence.
l.44 ...\textless{}}\NormalTok{region}\OperatorTok
                                                  {\textgreater{}}\NormalTok...
The control sequence at the end of the top line
of your error message was never \def'ed. If you have
misspelled it (e.g., `\hobx'), type `I' and the correct
spelling (e.g., `I\hbox'). Otherwise just continue,
and I'll forget about whatever was undefined.

! Undefined control sequence.
l.44 ...ion}\OperatorTok{\textgreater{}}\NormalTok
                                                  {.amazonaws.com}
The control sequence at the end of the top line
of your error message was never \def'ed. If you have
misspelled it (e.g., `\hobx'), type `I' and the correct
spelling (e.g., `I\hbox'). Otherwise just continue,
and I'll forget about whatever was undefined.


! LaTeX Error: \begin{enumerate} on input line 37 ended by \end{Highlighting}.

See the LaTeX manual or LaTeX Companion for explanation.
Type  H <return>  for immediate help.
 ...                                              
                                                  
l.45 \end{Highlighting}
                       
Your command was ignored.
Type  I <command> <return>  to replace it with another command,
or  <return>  to continue without it.


! LaTeX Error: \begin{enumerate} on input line 37 ended by \end{Shaded}.

See the LaTeX manual or LaTeX Companion for explanation.
Type  H <return>  for immediate help.
 ...                                              
                                                  
l.46 \end{Shaded}
                 
Your command was ignored.
Type  I <command> <return>  to replace it with another command,
or  <return>  to continue without it.


! LaTeX Error: Environment Shaded undefined.

See the LaTeX manual or LaTeX Companion for explanation.
Type  H <return>  for immediate help.
 ...                                              
                                                  
l.50 \begin{Shaded}
                   
Your command was ignored.
Type  I <command> <return>  to replace it with another command,
or  <return>  to continue without it.


! LaTeX Error: Environment Highlighting undefined.

See the LaTeX manual or LaTeX Companion for explanation.
Type  H <return>  for immediate help.
 ...                                              
                                                  
l.51 \begin{Highlighting}
                         []
Your command was ignored.
Type  I <command> <return>  to replace it with another command,
or  <return>  to continue without it.

! Undefined control sequence.
l.52 \ExtensionTok
                  {docker}\NormalTok{ build }\AttributeTok{{-}t}\NormalTok{ ...
The control sequence at the end of the top line
of your error message was never \def'ed. If you have
misspelled it (e.g., `\hobx'), type `I' and the correct
spelling (e.g., `I\hbox'). Otherwise just continue,
and I'll forget about whatever was undefined.

! Undefined control sequence.
l.52 \ExtensionTok{docker}\NormalTok
                                    { build }\AttributeTok{{-}t}\NormalTok{ ...
The control sequence at the end of the top line
of your error message was never \def'ed. If you have
misspelled it (e.g., `\hobx'), type `I' and the correct
spelling (e.g., `I\hbox'). Otherwise just continue,
and I'll forget about whatever was undefined.

! Undefined control sequence.
l.52 ...ok{docker}\NormalTok{ build }\AttributeTok
                                                  {{-}t}\NormalTok{ medflow{...
The control sequence at the end of the top line
of your error message was never \def'ed. If you have
misspelled it (e.g., `\hobx'), type `I' and the correct
spelling (e.g., `I\hbox'). Otherwise just continue,
and I'll forget about whatever was undefined.

! Undefined control sequence.
l.52 ...lTok{ build }\AttributeTok{{-}t}\NormalTok
                                                  { medflow{-}client .}
The control sequence at the end of the top line
of your error message was never \def'ed. If you have
misspelled it (e.g., `\hobx'), type `I' and the correct
spelling (e.g., `I\hbox'). Otherwise just continue,
and I'll forget about whatever was undefined.


! LaTeX Error: \begin{enumerate} on input line 37 ended by \end{Highlighting}.

See the LaTeX manual or LaTeX Companion for explanation.
Type  H <return>  for immediate help.
 ...                                              
                                                  
l.53 \end{Highlighting}
                       
Your command was ignored.
Type  I <command> <return>  to replace it with another command,
or  <return>  to continue without it.


! LaTeX Error: \begin{enumerate} on input line 37 ended by \end{Shaded}.

See the LaTeX manual or LaTeX Companion for explanation.
Type  H <return>  for immediate help.
 ...                                              
                                                  
l.54 \end{Shaded}
                 
Your command was ignored.
Type  I <command> <return>  to replace it with another command,
or  <return>  to continue without it.


! LaTeX Error: Environment Shaded undefined.

See the LaTeX manual or LaTeX Companion for explanation.
Type  H <return>  for immediate help.
 ...                                              
                                                  
l.58 \begin{Shaded}
                   
Your command was ignored.
Type  I <command> <return>  to replace it with another command,
or  <return>  to continue without it.


! LaTeX Error: Environment Highlighting undefined.

See the LaTeX manual or LaTeX Companion for explanation.
Type  H <return>  for immediate help.
 ...                                              
                                                  
l.59 \begin{Highlighting}
                         []
Your command was ignored.
Type  I <command> <return>  to replace it with another command,
or  <return>  to continue without it.

! Undefined control sequence.
l.60 \ExtensionTok
                  {docker}\NormalTok{ tag medflow{-}client:latest }\Operator...
The control sequence at the end of the top line
of your error message was never \def'ed. If you have
misspelled it (e.g., `\hobx'), type `I' and the correct
spelling (e.g., `I\hbox'). Otherwise just continue,
and I'll forget about whatever was undefined.

! Undefined control sequence.
l.60 \ExtensionTok{docker}\NormalTok
                                    { tag medflow{-}client:latest }\Operator...
The control sequence at the end of the top line
of your error message was never \def'ed. If you have
misspelled it (e.g., `\hobx'), type `I' and the correct
spelling (e.g., `I\hbox'). Otherwise just continue,
and I'll forget about whatever was undefined.

! Undefined control sequence.
l.60 ... tag medflow{-}client:latest }\OperatorTok
                                                  {\textless{}}\NormalTok{aw...
The control sequence at the end of the top line
of your error message was never \def'ed. If you have
misspelled it (e.g., `\hobx'), type `I' and the correct
spelling (e.g., `I\hbox'). Otherwise just continue,
and I'll forget about whatever was undefined.

! Undefined control sequence.
l.60 ...atest }\OperatorTok{\textless{}}\NormalTok
                                                  {aws\_account\_id}\Operato...
The control sequence at the end of the top line
of your error message was never \def'ed. If you have
misspelled it (e.g., `\hobx'), type `I' and the correct
spelling (e.g., `I\hbox'). Otherwise just continue,
and I'll forget about whatever was undefined.

! Undefined control sequence.
l.60 ...}}\NormalTok{aws\_account\_id}\OperatorTok
                                                  {\textgreater{}}\NormalTok...
The control sequence at the end of the top line
of your error message was never \def'ed. If you have
misspelled it (e.g., `\hobx'), type `I' and the correct
spelling (e.g., `I\hbox'). Otherwise just continue,
and I'll forget about whatever was undefined.

! Undefined control sequence.
l.60 ..._id}\OperatorTok{\textgreater{}}\NormalTok
                                                  {.dkr.ecr.}\OperatorTok{\t...
The control sequence at the end of the top line
of your error message was never \def'ed. If you have
misspelled it (e.g., `\hobx'), type `I' and the correct
spelling (e.g., `I\hbox'). Otherwise just continue,
and I'll forget about whatever was undefined.

! Undefined control sequence.
l.60 ...reater{}}\NormalTok{.dkr.ecr.}\OperatorTok
                                                  {\textless{}}\NormalTok{re...
The control sequence at the end of the top line
of your error message was never \def'ed. If you have
misspelled it (e.g., `\hobx'), type `I' and the correct
spelling (e.g., `I\hbox'). Otherwise just continue,
and I'll forget about whatever was undefined.

! Undefined control sequence.
l.60 ...r.ecr.}\OperatorTok{\textless{}}\NormalTok
                                                  {region}\OperatorTok{\text...
The control sequence at the end of the top line
of your error message was never \def'ed. If you have
misspelled it (e.g., `\hobx'), type `I' and the correct
spelling (e.g., `I\hbox'). Otherwise just continue,
and I'll forget about whatever was undefined.

! Undefined control sequence.
l.60 ...\textless{}}\NormalTok{region}\OperatorTok
                                                  {\textgreater{}}\Preproces...
The control sequence at the end of the top line
of your error message was never \def'ed. If you have
misspelled it (e.g., `\hobx'), type `I' and the correct
spelling (e.g., `I\hbox'). Otherwise just continue,
and I'll forget about whatever was undefined.

! Undefined control sequence.
l.60 ...peratorTok{\textgreater{}}\PreprocessorTok
                                                  {[}\SpecialStringTok{.amaz...
The control sequence at the end of the top line
of your error message was never \def'ed. If you have
misspelled it (e.g., `\hobx'), type `I' and the correct
spelling (e.g., `I\hbox'). Otherwise just continue,
and I'll forget about whatever was undefined.

! Undefined control sequence.
l.60 ...ter{}}\PreprocessorTok{[}\SpecialStringTok
                                                  {.amazonaws.com/medflow}\P...
The control sequence at the end of the top line
of your error message was never \def'ed. If you have
misspelled it (e.g., `\hobx'), type `I' and the correct
spelling (e.g., `I\hbox'). Otherwise just continue,
and I'll forget about whatever was undefined.

! Undefined control sequence.
l.60 ...ok{.amazonaws.com/medflow}\PreprocessorTok
                                                  {{-}}\SpecialStringTok{cli...
The control sequence at the end of the top line
of your error message was never \def'ed. If you have
misspelled it (e.g., `\hobx'), type `I' and the correct
spelling (e.g., `I\hbox'). Otherwise just continue,
and I'll forget about whatever was undefined.

! Undefined control sequence.
l.60 ...low}\PreprocessorTok{{-}}\SpecialStringTok
                                                  {client:latest}\Preprocess...
The control sequence at the end of the top line
of your error message was never \def'ed. If you have
misspelled it (e.g., `\hobx'), type `I' and the correct
spelling (e.g., `I\hbox'). Otherwise just continue,
and I'll forget about whatever was undefined.

! Undefined control sequence.
l.60 ...alStringTok{client:latest}\PreprocessorTok
                                                  {]}\ErrorTok{(}\ExtensionT...
The control sequence at the end of the top line
of your error message was never \def'ed. If you have
misspelled it (e.g., `\hobx'), type `I' and the correct
spelling (e.g., `I\hbox'). Otherwise just continue,
and I'll forget about whatever was undefined.

! Undefined control sequence.
l.60 ...client:latest}\PreprocessorTok{]}\ErrorTok
                                                  {(}\ExtensionTok{https://....
The control sequence at the end of the top line
of your error message was never \def'ed. If you have
misspelled it (e.g., `\hobx'), type `I' and the correct
spelling (e.g., `I\hbox'). Otherwise just continue,
and I'll forget about whatever was undefined.

! Undefined control sequence.
l.60 ...reprocessorTok{]}\ErrorTok{(}\ExtensionTok
                                                  {https://.amazonaws.com/me...
The control sequence at the end of the top line
of your error message was never \def'ed. If you have
misspelled it (e.g., `\hobx'), type `I' and the correct
spelling (e.g., `I\hbox'). Otherwise just continue,
and I'll forget about whatever was undefined.

! Undefined control sequence.
l.60 ...ws.com/medflow{-}client:latest}\KeywordTok
                                                  {)}
The control sequence at the end of the top line
of your error message was never \def'ed. If you have
misspelled it (e.g., `\hobx'), type `I' and the correct
spelling (e.g., `I\hbox'). Otherwise just continue,
and I'll forget about whatever was undefined.


! LaTeX Error: \begin{enumerate} on input line 37 ended by \end{Highlighting}.

See the LaTeX manual or LaTeX Companion for explanation.
Type  H <return>  for immediate help.
 ...                                              
                                                  
l.61 \end{Highlighting}
                       
Your command was ignored.
Type  I <command> <return>  to replace it with another command,
or  <return>  to continue without it.


! LaTeX Error: \begin{enumerate} on input line 37 ended by \end{Shaded}.

See the LaTeX manual or LaTeX Companion for explanation.
Type  H <return>  for immediate help.
 ...                                              
                                                  
l.62 \end{Shaded}
                 
Your command was ignored.
Type  I <command> <return>  to replace it with another command,
or  <return>  to continue without it.


Overfull \hbox (6.16586pt too wide) in paragraph at lines 59--64
[]\T5/ptm/m/n/10 [] docker tag medflow-client:latest <aws_account_id>.dkr.ecr.<
region>[.amazonaws.com/medflow-
 []


! LaTeX Error: Environment Shaded undefined.

See the LaTeX manual or LaTeX Companion for explanation.
Type  H <return>  for immediate help.
 ...                                              
                                                  
l.66 \begin{Shaded}
                   
Your command was ignored.
Type  I <command> <return>  to replace it with another command,
or  <return>  to continue without it.


! LaTeX Error: Environment Highlighting undefined.

See the LaTeX manual or LaTeX Companion for explanation.
Type  H <return>  for immediate help.
 ...                                              
                                                  
l.67 \begin{Highlighting}
                         []
Your command was ignored.
Type  I <command> <return>  to replace it with another command,
or  <return>  to continue without it.

! Undefined control sequence.
l.68 \ExtensionTok
                  {docker}\NormalTok{ push }\OperatorTok{\textless{}}\Normal...
The control sequence at the end of the top line
of your error message was never \def'ed. If you have
misspelled it (e.g., `\hobx'), type `I' and the correct
spelling (e.g., `I\hbox'). Otherwise just continue,
and I'll forget about whatever was undefined.

! Undefined control sequence.
l.68 \ExtensionTok{docker}\NormalTok
                                    { push }\OperatorTok{\textless{}}\Normal...
The control sequence at the end of the top line
of your error message was never \def'ed. If you have
misspelled it (e.g., `\hobx'), type `I' and the correct
spelling (e.g., `I\hbox'). Otherwise just continue,
and I'll forget about whatever was undefined.

! Undefined control sequence.
l.68 ...nTok{docker}\NormalTok{ push }\OperatorTok
                                                  {\textless{}}\NormalTok{aw...
The control sequence at the end of the top line
of your error message was never \def'ed. If you have
misspelled it (e.g., `\hobx'), type `I' and the correct
spelling (e.g., `I\hbox'). Otherwise just continue,
and I'll forget about whatever was undefined.

! Undefined control sequence.
l.68 ... push }\OperatorTok{\textless{}}\NormalTok
                                                  {aws\_account\_id}\Operato...
The control sequence at the end of the top line
of your error message was never \def'ed. If you have
misspelled it (e.g., `\hobx'), type `I' and the correct
spelling (e.g., `I\hbox'). Otherwise just continue,
and I'll forget about whatever was undefined.

! Undefined control sequence.
l.68 ...}}\NormalTok{aws\_account\_id}\OperatorTok
                                                  {\textgreater{}}\NormalTok...
The control sequence at the end of the top line
of your error message was never \def'ed. If you have
misspelled it (e.g., `\hobx'), type `I' and the correct
spelling (e.g., `I\hbox'). Otherwise just continue,
and I'll forget about whatever was undefined.

! Undefined control sequence.
l.68 ..._id}\OperatorTok{\textgreater{}}\NormalTok
                                                  {.dkr.ecr.}\OperatorTok{\t...
The control sequence at the end of the top line
of your error message was never \def'ed. If you have
misspelled it (e.g., `\hobx'), type `I' and the correct
spelling (e.g., `I\hbox'). Otherwise just continue,
and I'll forget about whatever was undefined.

! Undefined control sequence.
l.68 ...reater{}}\NormalTok{.dkr.ecr.}\OperatorTok
                                                  {\textless{}}\NormalTok{re...
The control sequence at the end of the top line
of your error message was never \def'ed. If you have
misspelled it (e.g., `\hobx'), type `I' and the correct
spelling (e.g., `I\hbox'). Otherwise just continue,
and I'll forget about whatever was undefined.

! Undefined control sequence.
l.68 ...r.ecr.}\OperatorTok{\textless{}}\NormalTok
                                                  {region}\OperatorTok{\text...
The control sequence at the end of the top line
of your error message was never \def'ed. If you have
misspelled it (e.g., `\hobx'), type `I' and the correct
spelling (e.g., `I\hbox'). Otherwise just continue,
and I'll forget about whatever was undefined.

! Undefined control sequence.
l.68 ...\textless{}}\NormalTok{region}\OperatorTok
                                                  {\textgreater{}}\Preproces...
The control sequence at the end of the top line
of your error message was never \def'ed. If you have
misspelled it (e.g., `\hobx'), type `I' and the correct
spelling (e.g., `I\hbox'). Otherwise just continue,
and I'll forget about whatever was undefined.

! Undefined control sequence.
l.68 ...peratorTok{\textgreater{}}\PreprocessorTok
                                                  {[}\SpecialStringTok{.amaz...
The control sequence at the end of the top line
of your error message was never \def'ed. If you have
misspelled it (e.g., `\hobx'), type `I' and the correct
spelling (e.g., `I\hbox'). Otherwise just continue,
and I'll forget about whatever was undefined.

! Undefined control sequence.
l.68 ...ter{}}\PreprocessorTok{[}\SpecialStringTok
                                                  {.amazonaws.com/medflow}\P...
The control sequence at the end of the top line
of your error message was never \def'ed. If you have
misspelled it (e.g., `\hobx'), type `I' and the correct
spelling (e.g., `I\hbox'). Otherwise just continue,
and I'll forget about whatever was undefined.

! Undefined control sequence.
l.68 ...ok{.amazonaws.com/medflow}\PreprocessorTok
                                                  {{-}}\SpecialStringTok{cli...
The control sequence at the end of the top line
of your error message was never \def'ed. If you have
misspelled it (e.g., `\hobx'), type `I' and the correct
spelling (e.g., `I\hbox'). Otherwise just continue,
and I'll forget about whatever was undefined.

! Undefined control sequence.
l.68 ...low}\PreprocessorTok{{-}}\SpecialStringTok
                                                  {client:latest}\Preprocess...
The control sequence at the end of the top line
of your error message was never \def'ed. If you have
misspelled it (e.g., `\hobx'), type `I' and the correct
spelling (e.g., `I\hbox'). Otherwise just continue,
and I'll forget about whatever was undefined.

! Undefined control sequence.
l.68 ...alStringTok{client:latest}\PreprocessorTok
                                                  {]}\ErrorTok{(}\ExtensionT...
The control sequence at the end of the top line
of your error message was never \def'ed. If you have
misspelled it (e.g., `\hobx'), type `I' and the correct
spelling (e.g., `I\hbox'). Otherwise just continue,
and I'll forget about whatever was undefined.

! Undefined control sequence.
l.68 ...client:latest}\PreprocessorTok{]}\ErrorTok
                                                  {(}\ExtensionTok{https://....
The control sequence at the end of the top line
of your error message was never \def'ed. If you have
misspelled it (e.g., `\hobx'), type `I' and the correct
spelling (e.g., `I\hbox'). Otherwise just continue,
and I'll forget about whatever was undefined.

! Undefined control sequence.
l.68 ...reprocessorTok{]}\ErrorTok{(}\ExtensionTok
                                                  {https://.amazonaws.com/me...
The control sequence at the end of the top line
of your error message was never \def'ed. If you have
misspelled it (e.g., `\hobx'), type `I' and the correct
spelling (e.g., `I\hbox'). Otherwise just continue,
and I'll forget about whatever was undefined.

! Undefined control sequence.
l.68 ...ws.com/medflow{-}client:latest}\KeywordTok
                                                  {)}
The control sequence at the end of the top line
of your error message was never \def'ed. If you have
misspelled it (e.g., `\hobx'), type `I' and the correct
spelling (e.g., `I\hbox'). Otherwise just continue,
and I'll forget about whatever was undefined.


! LaTeX Error: \begin{enumerate} on input line 37 ended by \end{Highlighting}.

See the LaTeX manual or LaTeX Companion for explanation.
Type  H <return>  for immediate help.
 ...                                              
                                                  
l.69 \end{Highlighting}
                       
Your command was ignored.
Type  I <command> <return>  to replace it with another command,
or  <return>  to continue without it.


! LaTeX Error: \begin{enumerate} on input line 37 ended by \end{Shaded}.

See the LaTeX manual or LaTeX Companion for explanation.
Type  H <return>  for immediate help.
 ...                                              
                                                  
l.70 \end{Shaded}
                 
Your command was ignored.
Type  I <command> <return>  to replace it with another command,
or  <return>  to continue without it.


Underfull \hbox (badness 10000) in paragraph at lines 67--71
[]\T5/ptm/m/n/10 [] docker push <aws_account_id>.dkr.ecr.<region>[.amazonaws.co
m/medflow-
 []

) (./generated/vi/5_Workshop_5_4_deploy_5_4_2_alb_setup.tex
<../static/images/5-Workshop/5.4-deploy/EC2_target_group.png, id=373, 1441.6359
4pt x 655.69969pt>
File: ../static/images/5-Workshop/5.4-deploy/EC2_target_group.png Graphic file 
(type png)
<use ../static/images/5-Workshop/5.4-deploy/EC2_target_group.png>
Package pdftex.def Info: ../static/images/5-Workshop/5.4-deploy/EC2_target_grou
p.png  used on input line 32.
(pdftex.def)             Requested size: 455.24408pt x 207.05675pt.

Underfull \hbox (badness 10000) in paragraph at lines 32--33
[]\T5/ptm/m/it/10 L�u l�i v� b� qua b��c ch�n IP (ECS s� t� ^^_�ng ^^_i�n IP v�
o ^^_�y sau).
 []


Overfull \hbox (47.00003pt too wide) in paragraph at lines 32--33
[] 
 []

File: Images/hcmut.png Graphic file (type png)
<use Images/hcmut.png>
Package pdftex.def Info: Images/hcmut.png  used on input line 33.
(pdftex.def)             Requested size: 28.44864pt x 27.20943pt.

LaTeX Warning: Reference `LastPage' on page 42 undefined on input line 33.

[42 <../static/images/5-Workshop/5.4-deploy/ECR.png>]
<../static/images/5-Workshop/5.4-deploy/EC2_load_balancer.png, id=389, 1441.635
94pt x 655.69969pt>
File: ../static/images/5-Workshop/5.4-deploy/EC2_load_balancer.png Graphic file
 (type png)
<use ../static/images/5-Workshop/5.4-deploy/EC2_load_balancer.png>
Package pdftex.def Info: ../static/images/5-Workshop/5.4-deploy/EC2_load_balanc
er.png  used on input line 59.
(pdftex.def)             Requested size: 455.24408pt x 207.05675pt.

Overfull \hbox (100.95006pt too wide) in paragraph at lines 58--60
[]\T5/ptm/m/n/10 B�m \T5/ptm/b/n/10 Cre-ate\T5/ptm/m/n/10 . [] 
 []

) (./generated/vi/5_Workshop_5_4_deploy_5_4_3_ecs_deployment.tex
File: Images/hcmut.png Graphic file (type png)
<use Images/hcmut.png>
Package pdftex.def Info: Images/hcmut.png  used on input line 20.
(pdftex.def)             Requested size: 28.44864pt x 27.20943pt.


LaTeX Warning: Reference `LastPage' on page 43 undefined on input line 20.

[43 <../static/images/5-Workshop/5.4-deploy/EC2_target_group.png> <../static/im
ages/5-Workshop/5.4-deploy/EC2_load_balancer.png>]
<../static/images/5-Workshop/5.4-deploy/ECS_cluster.png, id=399, 1441.63594pt x
 657.2053pt>
File: ../static/images/5-Workshop/5.4-deploy/ECS_cluster.png Graphic file (type
 png)
<use ../static/images/5-Workshop/5.4-deploy/ECS_cluster.png>
Package pdftex.def Info: ../static/images/5-Workshop/5.4-deploy/ECS_cluster.png
  used on input line 58.
(pdftex.def)             Requested size: 455.24408pt x 207.5322pt.

Overfull \hbox (78.95006pt too wide) in paragraph at lines 57--59
[]\T5/ptm/m/n/10 B�m \T5/ptm/b/n/10 Cre-ate\T5/ptm/m/n/10 . [] 
 []

<../static/images/5-Workshop/5.4-deploy/ECS_service.png, id=400, 1444.64719pt x
 648.92438pt>
File: ../static/images/5-Workshop/5.4-deploy/ECS_service.png Graphic file (type
 png)
<use ../static/images/5-Workshop/5.4-deploy/ECS_service.png>
Package pdftex.def Info: ../static/images/5-Workshop/5.4-deploy/ECS_service.png
  used on input line 115.
(pdftex.def)             Requested size: 455.24408pt x 204.49147pt.

Overfull \hbox (203.1701pt too wide) in paragraph at lines 114--116
[]\T5/ptm/m/n/10 B�m \T5/ptm/b/n/10 Cre-ate \T5/ptm/m/n/10 v� ch� qu� tr�nh De-
ploy di�n ra. [] 
 []

File: Images/hcmut.png Graphic file (type png)
<use Images/hcmut.png>
Package pdftex.def Info: Images/hcmut.png  used on input line 116.
(pdftex.def)             Requested size: 28.44864pt x 27.20943pt.

LaTeX Warning: Reference `LastPage' on page 44 undefined on input line 116.

[44 <../static/images/5-Workshop/5.4-deploy/ECS_cluster.png>])
(./generated/vi/5_Workshop_5_4_deploy_5_4_4_acceptance_testing.tex)
File: Images/hcmut.png Graphic file (type png)
<use Images/hcmut.png>
Package pdftex.def Info: Images/hcmut.png  used on input line 104.
(pdftex.def)             Requested size: 28.44864pt x 27.20943pt.


LaTeX Warning: Reference `LastPage' on page 45 undefined on input line 104.

[45 <../static/images/5-Workshop/5.4-deploy/ECS_service.png>]
(./generated/vi/6_Self_evaluation.tex
Overfull \hbox (7.3243pt too wide) in paragraph at lines 39--40
[]\T5/ptm/m/n/9 STT  
 []


Overfull \hbox (3.1843pt too wide) in paragraph at lines 45--46
[]\T5/ptm/m/n/9 T�t  
 []


Overfull \hbox (6.48732pt too wide) in paragraph at lines 47--48
[]\T5/ptm/m/n/9 Kh�  
 []

LaTeX Font Info:    Font shape `OT1/ptm/bx/n' in size <9> not available
(Font)              Font shape `OT1/ptm/b/n' tried instead on input line 57.
LaTeX Font Info:    Font shape `OT1/ptm/bx/n' in size <7> not available
(Font)              Font shape `OT1/ptm/b/n' tried instead on input line 57.
LaTeX Font Info:    Font shape `OT1/ptm/bx/n' in size <5> not available
(Font)              Font shape `OT1/ptm/b/n' tried instead on input line 57.
)
File: Images/hcmut.png Graphic file (type png)
<use Images/hcmut.png>
Package pdftex.def Info: Images/hcmut.png  used on input line 110.
(pdftex.def)             Requested size: 28.44864pt x 27.20943pt.


LaTeX Warning: Reference `LastPage' on page 46 undefined on input line 110.

[46] (./generated/vi/7_Feedback.tex
File: Images/hcmut.png Graphic file (type png)
<use Images/hcmut.png>
Package pdftex.def Info: Images/hcmut.png  used on input line 95.
(pdftex.def)             Requested size: 28.44864pt x 27.20943pt.


LaTeX Warning: Reference `LastPage' on page 47 undefined on input line 95.

[47])
File: Images/hcmut.png Graphic file (type png)
<use Images/hcmut.png>
Package pdftex.def Info: Images/hcmut.png  used on input line 116.
(pdftex.def)             Requested size: 28.44864pt x 27.20943pt.


LaTeX Warning: Reference `LastPage' on page 48 undefined on input line 116.

[48]) (./TongKet.tex)

Package caption Warning: Unused \captionsetup[table] on input line 124.
See the caption package documentation for explanation.

File: Images/hcmut.png Graphic file (type png)
<use Images/hcmut.png>
Package pdftex.def Info: Images/hcmut.png  used on input line 207.
(pdftex.def)             Requested size: 28.44864pt x 27.20943pt.

LaTeX Warning: Reference `LastPage' on page 49 undefined on input line 207.

[49] 
enddocument/afterlastpage: lastpage setting LastPage.
(./main.aux)
 ***********
LaTeX2e <2023-11-01> patch level 1
L3 programming layer <2024-01-22>
 ***********


LaTeX Warning: There were undefined references.


LaTeX Warning: Label(s) may have changed. Rerun to get cross-references right.


Package rerunfilecheck Warning: File `main.out' has changed.
(rerunfilecheck)                Rerun to get outlines right
(rerunfilecheck)                or use package `bookmark'.

Package rerunfilecheck Info: Checksums for `main.out':
(rerunfilecheck)             Before: <no file>
(rerunfilecheck)             After:  468BE2FAE6854C71661E4AC68FF34AED;6940.

Package lastpage Warning: Rerun to get the references right on input line 207.

 ) 
Here is how much of TeX's memory you used:
 29740 strings out of 475670
 568663 string characters out of 5784921
 1951975 words of memory out of 5000000
 51025 multiletter control sequences out of 15000+600000
 614834 words of font info for 111 fonts, out of 8000000 for 9000
 264 hyphenation exceptions out of 8191
 104i,25n,115p,617b,688s stack positions out of 10000i,1000n,20000p,200000b,200000s
 </home/runner/.texlive2023/texmf-var/fonts/pk/ljfour/jknappen/ec/tcrm1000.60
0pk></usr/share/texlive/texmf-dist/fonts/type1/public/amsfonts/symbols/msam10.p
fb></usr/share/texlive/texmf-dist/fonts/type1/vntex/urwvn/utmb8v.pfb></usr/shar
e/texlive/texmf-dist/fonts/type1/urw/times/utmr8a.pfb></usr/share/texlive/texmf
-dist/fonts/type1/vntex/urwvn/utmr8v.pfb></usr/share/texlive/texmf-dist/fonts/t
ype1/vntex/urwvn/utmri8v.pfb></usr/share/texlive/texmf-dist/fonts/type1/vntex/v
nr/vnitt10.pfb></usr/share/texlive/texmf-dist/fonts/type1/vntex/vnr/vntt10.pfb>
</usr/share/texlive/texmf-dist/fonts/type1/vntex/vnr/vntt9.pfb>
Output written on main.pdf (50 pages, 7258148 bytes).
PDF statistics:
 532 PDF objects out of 1000 (max. 8388607)
 419 compressed objects within 5 object streams
 174 named destinations out of 1000 (max. 500000)
 118 words of extra memory for PDF output out of 10000 (max. 10000000)

